artist,title,pop_date,pop_peakPos,pop_lastPos,pop_weeks,pop_rank,pop_change,rnb_date,rnb_peakPos,rnb_lastPos,rnb_weeks,rnb_rank,rnb_change
Plies Featuring Akon,Hypnotized,4/19/08,23,0,17,40,Re-Entry,2/23/08,22,41,22,44,-3
A Great Big World & Christina Aguilera,Say Something,4/19/14,7,26,20,27,-1,6/19/10,1,31,31,35,-4
Juvenile Featuring Soulja Slim,Slow Motion,11/20/04,10,34,20,38,-4,8/1/15,9,14,26,14,0
Crime Mob Featuring Lil Scrappy,Rock Yo Hips,7/21/07,39,39,2,40,-1,7/28/07,8,39,40,48,-9
Toni Braxton,He Wasn t Man Enough,12/2/00,7,29,26,33,-4,9/2/00,1,41,27,49,-8
Ludacris,How Low,5/8/10,24,0,14,39,Re-Entry,5/29/10,2,30,28,46,-16
Nelly,Hot In Herre,11/2/02,1,31,26,32,-1,11/16/02,1,40,29,50,-10
Eminem,Berzerk,11/9/13,18,25,9,37,-12,2/1/14,2,24,21,24,0
Trey Songz Featuring Nicki Minaj,Bottoms Up,2/26/11,11,28,20,30,-2,3/5/11,39,41,32,42,-1
Whitney Houston,"I Will Always Love You (From The Bodyguard"")""",3/27/93,1,38,19,40,-2,4/17/93,1,45,23,47,-2
Silk,Freak Me,8/21/93,7,39,21,38,1,7/24/93,1,37,23,50,-13
George Michael,Fastlove,7/20/96,14,34,12,35,-1,7/13/96,44,44,16,48,-4
Beyonce Featuring Jay-Z,Deja Vu,8/19/06,14,24,8,35,-11,3/18/17,25,23,12,22,1
T-Pain Featuring Akon,Bartender,12/8/07,9,34,20,33,1,11/3/07,9,45,22,46,-1
Justin Timberlake,Take Back The Night,10/5/13,14,23,11,36,-13,11/16/13,8,37,17,41,-4
Boyz II Men,A Song For Mama,3/21/98,32,35,6,40,-5,6/20/98,1,44,28,42,2
Blink-182,I Miss You,7/10/04,15,36,15,40,-4,3/16/02,37,41,8,46,-5
Lupe Fiasco Featuring Ed Sheeran,Old School Love,1/25/14,34,38,7,37,1,2/15/14,28,40,13,50,-10
Thalia Featuring Fat Joe,I Want You,9/27/03,19,20,15,30,-10,12/8/07,32,33,11,39,-6
Quad City DJ's,C'mon N' Ride It (The Train),12/28/96,4,20,26,25,-5,10/26/96,15,45,35,48,-3
Boyz II Men,"In The Still Of The Nite (From The Jacksons"")""",4/3/93,2,35,21,38,-3,2/13/93,4,21,20,31,-10
Babyface,Every Time I Close My Eyes,6/28/97,12,26,26,29,-3,7/12/97,5,42,24,39,3
Nick Cannon Featuring R. Kelly,Gigolo,4/24/04,20,35,13,39,-4,3/13/04,21,41,23,39,2
Aaliyah,At Your Best (You Are Love),11/19/94,40,0,1,40,New,1/14/95,2,50,20,46,4
Freak Nasty,Da  Dip,8/2/97,32,37,12,39,-2,7/26/97,20,41,39,48,-7
Eminem,The Real Slim Shady,9/2/00,13,32,16,37,-5,7/29/00,11,25,18,43,-18
Ne-Yo,When You're Mad,6/17/06,17,30,11,33,-3,8/19/06,4,28,24,36,-8
Tiesto Featuring Matthew Koma,Wasted,8/30/14,21,32,11,40,-8,3/20/10,7,49,39,50,-1
Spice Girls,Too Much,4/4/98,21,31,9,40,-9,11/9/13,23,43,5,46,-3
Pretty Ricky,On The Hotline,4/28/07,29,30,9,34,-4,4/28/07,6,39,23,48,-9
The Pussycat Dolls Featuring Busta Rhymes,Don't Cha,11/19/05,2,17,28,17,0,9/24/05,8,14,21,25,-11
BLACKstreet,Don t Leave Me,8/9/97,21,31,20,36,-5,5/25/91,34,34,11,39,-5
Mr. Probz,Waves,1/31/15,5,9,22,12,-3,5/7/16,46,30,3,37,-7
Ludacris,Get Back,3/12/05,34,37,10,39,-2,3/12/05,9,31,19,45,-14
Flo Rida Featuring Pitbull,Can't Believe It,9/28/13,37,39,4,37,2,3/7/09,2,48,33,48,0
Ciara,Promise,3/3/07,40,36,4,37,-1,6/11/16,19,42,20,38,4
Bow Wow Featuring T-Pain & Johnta Austin,Outta My System,6/30/07,27,29,9,32,-3,7/21/07,12,36,22,43,-7
Brandy,Right Here (Departed),1/17/09,21,30,11,31,-1,12/6/08,22,38,15,50,-12
Ying Yang Twins Featuring Lil Jon & The East Side Boyz,Salt Shaker,3/6/04,38,0,1,38,New,6/26/04,9,45,39,49,-4
Trick Daddy Featuring The SNS Express,Take It To Da House,7/28/01,29,29,9,34,-5,6/2/01,23,39,16,48,-9
Zhane,Groove Thang,5/7/94,33,33,7,40,-7,5/28/94,2,46,20,49,-3
Ne-Yo,Sexy Love,12/23/06,11,38,20,39,-1,1/27/07,2,42,34,42,0
Cash Cash,Surrender,3/28/15,37,37,4,40,-3,1/20/96,48,52,11,50,2
Rihanna,Russian Roulette,12/19/09,21,27,7,35,-8,11/14/09,49,62,2,49,13
Janet Jackson,Runaway,2/24/96,2,27,26,33,-6,12/25/10,30,42,13,48,-6
Jennifer Lopez Featuring Nas,I'm Gonna Be Alright,10/19/02,6,31,24,36,-5,7/27/02,32,46,16,45,1
Beenie Man Featuring Janet,Feel It Boy,9/28/02,25,29,7,36,-7,9/28/02,31,41,11,46,-5
Go West,Faithful,5/1/93,3,38,26,40,-2,6/18/16,36,40,5,43,-3
Keri Hilson Featuring Lil Wayne,Turnin Me On,5/9/09,25,36,10,40,-4,7/25/09,2,42,34,47,-5
Wiz Khalifa,Black And Yellow,4/9/11,18,38,15,39,-1,4/16/11,6,40,27,50,-10
Tweet,Oops (Oh My),6/1/02,13,22,9,34,-12,7/6/02,1,46,27,50,-4
Iggy Azalea Featuring M0,Beg For It,2/14/15,11,35,15,38,-3,3/7/15,8,35,18,50,-15
"Webbie, Lil' Phat & Lil' Boosie",Independent,5/24/08,25,32,10,35,-3,6/14/08,40,40,33,48,-8
Kanye West Featuring Adam Levine,Heard 'Em Say,12/31/05,26,29,7,40,-11,2/4/06,17,30,15,44,-14
Gwen Stefani,Luxurious,2/11/06,10,28,15,37,-9,4/1/06,33,85,15,33,52
The Tony Rich Project,Nobody Knows,7/27/96,2,16,30,18,-2,7/20/96,11,43,33,48,-5
Bruno Mars,That's What I Like,3/18/17,7,13,7,9,4,3/18/17,2,2,12,2,0
E-40 Featuring T-Pain & Kandi Girl,U And Dat,12/16/06,32,31,20,32,-1,10/28/06,8,44,21,42,2
D12,Purple Hills,9/8/01,40,0,2,40,Re-Entry,9/1/01,28,30,13,43,-13
SWV,I m So Into You,8/28/93,12,37,18,37,0,8/21/93,2,48,32,48,0
Monica,All Eyez On Me,9/14/02,37,38,2,37,1,9/7/02,32,43,10,50,-7
Rihanna Featuring Drake,What's My Name?,3/26/11,4,21,20,23,-2,4/23/11,8,38,26,43,-5
Salt-N-Pepa Featuring En Vogue,Whatta Man,8/6/94,10,35,26,37,-2,5/7/94,3,39,20,47,-8
The Black Eyed Peas,Imma Be,5/22/10,2,15,20,20,-5,7/17/10,12,44,19,48,-4
Usher Featuring Juicy J,I Don't Mind,4/18/15,17,24,16,32,-8,5/16/15,47,16,26,16,0
Will Smith,Just The Two Of Us,11/28/98,6,34,24,35,-1,10/31/98,20,34,16,37,-3
Robin Thicke Featuring Kendrick Lamar,Give It 2 U,11/23/13,13,23,13,37,-14,12/7/13,7,33,17,49,-16
Craig David,Fill Me In,1/26/02,7,29,26,37,-8,9/8/01,19,39,14,47,-8
Alex Clare,Too Close,12/22/12,5,8,26,10,-2,4/3/99,1,47,60,48,-1
CeCe Peniston,I m In The Mood,4/16/94,24,32,8,37,-5,5/28/94,7,39,22,45,-6
Keri Hilson,Pretty Girl Rock,5/21/11,20,38,16,40,-2,6/25/11,4,46,32,48,-2
US 3,Cantaloop (Flip Fantasia),7/2/94,15,37,21,35,2,4/23/94,21,34,20,41,-7
G-Eazy x Bebe Rexha,"Me, Myself & I",6/18/16,1,13,21,13,0,7/2/16,2,10,35,10,0
Smilez & Southstar,Tell Me (What's Goin' On),4/19/03,21,33,10,40,-7,3/15/03,28,28,15,39,-11
Fall Out Boy,I Don't Care,1/17/09,22,34,13,34,0,6/12/10,36,46,19,50,-4
Boyz II Men,4 Seasons Of Loneliness,1/31/98,9,35,21,35,0,3/14/98,2,49,25,50,-1
Rihanna,Don't Stop The Music,5/17/08,3,15,21,20,-5,2/14/98,26,37,20,45,-8
Destiny s Child,"No, No, No",8/15/98,40,37,19,38,-1,8/22/98,7,44,39,49,-5
Flo Rida Featuring Nelly Furtado,Jump,8/15/09,35,35,5,38,-3,7/4/92,2,31,19,42,-11
Omarion,O,5/14/05,24,26,8,35,-9,6/18/05,12,41,27,40,1
Boyz II Men,Water Runs Dry,10/14/95,2,25,26,27,-2,10/21/95,4,35,26,50,-15
Jay-Z Featuring Beyonce Knowles,'03 Bonnie & Clyde,4/19/03,7,36,19,39,-3,3/1/03,5,40,20,43,-3
Alicia Keys,How Come You Don't Call Me,5/11/02,34,34,3,36,-2,6/8/02,30,37,12,48,-11
Uncle Sam,I Don't Ever Want To See You Again,4/11/98,28,29,15,28,1,4/11/98,2,14,33,19,-5
Bobby Brown,Get Away,4/3/93,17,25,9,33,-8,5/15/93,3,41,20,47,-6
Jennifer Lopez Featuring Ja Rule,Ain't It Funny,7/13/02,1,28,26,29,-1,6/15/02,4,44,27,50,-6
"Christina Aguilera, Lil' Kim, Mya & Pink",Lady Marmalade,9/15/01,1,32,22,37,-5,7/7/01,43,43,9,43,0
Toya,I Do!!,3/2/02,6,18,28,20,-2,8/4/01,25,38,18,46,-8
Daya,Words,2/25/17,31,35,9,38,-3,4/23/11,23,37,22,49,-12
Aaliyah,More Than A Woman,7/20/02,19,27,10,35,-8,6/29/02,7,38,37,41,-3
En Vogue,Whatever,8/9/97,17,22,10,34,-12,4/23/05,34,45,25,49,-4
Ja Rule Featuring R. Kelly & Ashanti,Wonderful,2/5/05,23,22,10,27,-5,8/4/07,50,50,13,50,0
Keith Sweat Featuring Athena Cage,Nobody,6/21/97,12,37,26,36,1,3/29/14,38,38,2,40,-2
Ke$ha,Blow,6/25/11,3,11,21,14,-3,12/13/14,48,0,1,48,New
Jidenna Featuring Roman GianArthur,Classic Man,9/12/15,29,32,10,37,-5,10/24/15,8,16,26,18,-2
Beyonce,Run The World (Girls),5/28/11,37,37,2,37,0,6/18/11,30,32,7,44,-12
Beyonce,Single Ladies (Put A Ring On It),4/18/09,1,24,20,26,-2,5/2/09,1,46,28,44,2
N Sync,I Want You Back,7/25/98,11,21,26,26,-5,1/27/96,26,39,17,49,-10
Joe Featuring Mystikal,Stutter,7/14/01,12,32,19,39,-7,6/23/01,27,45,29,50,-5
Childish Gambino,V. 3005,10/11/14,39,39,2,39,0,8/9/14,19,22,33,19,3
Usher Featuring Lil Jon & Ludacris,Yeah!,9/18/04,1,19,33,19,0,9/11/04,1,43,37,50,-7
Coolio,Fantastic Voyage,10/8/94,28,33,10,35,-2,9/24/94,12,42,21,48,-6
Fetty Wap Featuring Remy Boyz,679,2/13/16,19,38,18,40,-2,2/6/16,3,9,30,10,-1
Sean Paul,Like Glue,9/27/03,29,31,7,33,-2,10/11/03,9,33,20,44,-11
Ne-Yo,Mad,6/6/09,11,30,20,29,1,10/22/16,45,0,1,45,New
Katy Perry,Rise,9/24/16,23,26,8,35,-9,12/20/97,38,39,20,38,1
Beyonce,Halo,8/22/09,2,19,26,17,2,7/11/09,16,37,17,45,-8
Montell Jordan,Get It On Tonite,6/24/00,19,37,17,39,-2,6/17/00,1,40,38,48,-8
50 Cent Featuring Olivia,Candy Shop,7/16/05,5,0,19,40,Re-Entry,6/4/05,1,32,19,46,-14
Ashanti,Foolish,10/5/02,2,40,26,40,0,8/2/08,29,37,18,48,-11
Edwin McCain,I ll Be,12/26/98,10,16,41,17,-1,6/28/97,44,41,20,49,-8
Britney Spears,Sometimes,9/18/99,6,34,19,36,-2,7/5/08,26,44,23,45,-1
Gwen Stefani,Hollaback Girl,10/8/05,1,32,26,30,2,9/24/05,8,39,22,47,-8
Big Sean,Bounce Back,3/18/17,24,29,3,27,2,3/18/17,3,4,17,5,-1
Yung Joc Featuring Brandy 'Ms. B.' Hambrick,I Know You See It,11/11/06,35,40,5,40,0,12/9/06,5,49,25,44,5
Ludacris Featuring Bobby Valentino,Pimpin' All Over The World,10/8/05,18,34,11,40,-6,10/15/05,5,37,20,41,-4
Shop Boyz,Party Like A Rockstar,10/6/07,10,37,18,40,-3,9/1/07,3,38,24,47,-9
Dem Franchize Boyz Featuring Lil Peanut & Charlay,"Lean Wit It, Rock Wit It",6/17/06,26,35,12,38,-3,7/29/06,2,47,34,48,-1
Jennifer Lopez Featuring Big Pun,Feelin  So Good,4/29/00,27,31,10,38,-7,5/20/00,44,96,20,44,52
Jon B,Pretty Girl,12/30/95,29,34,11,37,-3,12/23/95,21,41,20,43,-2
Rihanna Featuring Drake,Work,6/25/16,8,39,20,39,0,8/27/16,30,10,29,10,0
Trillville Featuring Cutty,Some Cut,6/4/05,32,34,7,38,-4,7/2/05,7,42,35,49,-7
50 Cent,P.I.M.P.,12/6/03,9,37,17,36,1,11/22/03,2,32,33,48,-16
Michael Jackson,You Rock My World,10/27/01,16,23,7,37,-14,1/12/02,13,56,19,45,11
Twista Featuring Kanye West & Jamie Foxx,Slow Jamz,5/1/04,11,31,14,39,-8,5/8/04,1,29,26,35,-6
Nelly,(Hot S**t) Country Grammar,2/10/01,9,39,26,38,1,11/4/00,5,43,34,48,-5
Mariah Carey,Dreamlover,2/5/94,1,33,26,38,-5,2/12/94,2,44,27,50,-6
Cher Lloyd,Want U Back,10/27/12,9,30,20,31,-1,9/18/93,45,45,12,49,-4
Whitney Houston,When You Believe,1/23/99,35,37,8,40,-3,2/27/99,33,37,20,48,-11
Whitney Houston,It s Not Right But It s Okay,11/6/99,23,37,20,37,0,9/18/99,7,43,35,47,-4
Ashanti,Only U,3/19/05,19,30,8,40,-10,2/26/05,10,28,17,40,-12
Tevin Campbell,Back To The World,7/27/96,30,33,7,39,-6,8/24/96,16,36,18,49,-13
Mariah Carey,Fantasy,3/2/96,1,23,26,22,1,3/16/96,1,41,25,45,-4
Nivea Featuring Lil Jon & YoungBloodZ,Okay,6/18/05,36,37,4,40,-3,6/4/05,14,39,27,47,-8
Beyonce,"Me, Myself And I",3/27/04,36,23,15,38,-15,6/19/04,2,40,33,40,0
Wiz Khalifa,Roll Up,8/6/11,15,36,15,40,-4,7/30/11,7,50,23,46,4
Bone Thugs-N-Harmony Featuring Akon,I Tried,8/4/07,15,35,15,40,-5,6/30/07,46,46,13,49,-3
Keith Sweat,Twisted,2/22/97,7,21,26,23,-2,2/1/97,1,48,33,49,-1
Jagged Edge With Nelly,Where The Party At,2/2/02,10,36,26,35,1,2/9/02,1,47,39,50,-3
Nelly,E.I.,3/10/01,19,39,14,39,0,2/17/01,10,40,23,35,5
Hinder,Better Than Me,7/7/07,14,23,20,21,2,8/21/99,47,47,14,47,0
Trey Songz Featuring T.I.,2 Reasons,12/1/12,27,36,11,38,-2,12/15/12,7,15,26,20,-5
Emeli Sande,My Kind Of Love,11/30/13,35,38,6,35,3,12/7/13,41,41,4,46,-5
Jessica Simpson Featuring Nick Lachey,Where You Are,5/13/00,22,29,9,36,-7,10/23/10,45,45,7,46,-1
Janet,Together Again,6/20/98,5,17,32,18,-1,4/4/98,8,42,20,49,-7
All-4-One,So Much In Love,5/28/94,6,29,16,38,-9,5/14/94,10,29,20,44,-15
Peabo Bryson,A Whole New World (Aladdin s Theme),5/15/93,1,37,20,40,-3,3/27/93,21,45,20,48,-3
Jade,"I Wanna Love You (From Class Act"")""",10/17/92,27,30,3,37,-7,10/31/92,7,21,20,38,-17
Drake,Started From The Bottom,5/18/13,40,0,1,40,New,8/24/13,2,23,27,23,0
Jay-Z,Izzo (H.O.V.A.),12/8/01,22,28,9,36,-8,12/1/01,4,37,20,47,-10
Eminem Featuring Nate Ruess,Headlights,5/10/14,25,30,9,34,-4,6/28/14,11,35,20,39,-4
T-Pain Featuring Mike Jones,I'm N Luv (Wit A Stripper),5/27/06,12,33,17,37,-4,5/13/06,10,42,21,47,-5
Tyrese,Sweet Lady,7/10/99,29,40,10,40,0,8/14/99,9,46,39,50,-4
Shinedown,Second Chance,8/22/09,3,17,25,19,-2,10/23/10,41,47,9,48,-1
"Macklemore & Ryan Lewis Featuring Eric Nally, Melle Mel, Kool Moe Dee & Grandmaster Caz",Downtown,12/12/15,9,31,14,37,-6,1/23/16,6,26,20,25,1
Mariah Carey Featuring Joe,Thank God I Found You,4/1/00,28,37,10,40,-3,5/6/00,23,49,23,48,1
The Notorious B.I.G. Featuring Puff Daddy & Mase,Mo Money Mo Problems,3/28/98,22,33,26,36,-3,2/14/98,2,44,29,43,1
Boyzone,No Matter What,8/7/99,35,35,3,35,0,6/28/08,42,47,7,50,-3
AJR,I'm Ready,8/16/14,33,27,12,33,-6,6/25/05,49,49,8,49,0
Joe,I Wanna Know,11/4/00,5,31,26,36,-5,10/14/00,2,49,57,46,3
The Game Featuring 50 Cent,How We Do,6/4/05,14,35,17,40,-5,5/21/05,2,44,30,44,0
Dev & Enrique Iglesias,Naked,4/28/12,30,37,9,39,-2,1/7/06,27,46,29,46,0
Diddy - Dirty Money Featuring T.I.,Hello Good Morning,7/24/10,38,0,2,38,Re-Entry,9/11/10,13,34,22,41,-7
Kanye West Featuring Dwele,Flashing Lights,3/1/08,31,31,6,33,-2,5/10/08,12,39,27,45,-6
Toni Braxton,Another Sad Love Song,1/15/94,7,39,21,38,1,1/22/94,2,40,32,45,-5
Usher,U Got It Bad,5/11/02,3,32,26,35,-3,5/4/02,1,43,35,50,-7
Lil Jon Featuring E-40 & Sean Paul Of The YoungBloodZ,Snap Yo Fingers,9/30/06,25,33,16,39,-6,10/21/06,1,46,41,50,-4
Icona Pop,All Night,11/23/13,33,38,6,40,-2,5/21/16,23,23,2,30,-7
Good Charlotte,Hold On,3/20/04,17,30,14,40,-10,4/5/14,47,0,1,47,New
Michael Jackson,Butterflies,2/9/02,36,36,2,38,-2,5/25/02,2,48,30,50,-2
Beyonce,Sorry,7/30/16,33,33,6,38,-5,9/24/16,42,17,20,20,-3
Jay-Z Featuring UGK,Big Pimpin,10/7/00,30,37,8,40,-3,8/26/00,6,30,22,38,-8
Brian McKnight,One Last Cry,10/23/93,19,35,14,37,-2,11/20/93,8,35,25,49,-14
Chris Brown,Say Goodbye,2/24/07,14,39,19,40,-1,2/3/07,1,43,25,47,-4
Chamillionaire Featuring Krayzie Bone,Ridin',9/16/06,3,21,20,21,0,8/5/06,7,44,27,46,-2
DMX,Party Up (Up In Here),9/23/00,39,40,6,40,0,7/29/00,8,40,26,44,-4
TLC,What About Your Friends,2/6/93,18,32,16,38,-6,2/27/93,2,42,26,46,-4
Lloyd Banks,On Fire,8/28/04,29,30,5,29,1,9/18/04,4,34,21,34,0
Dionne Farris,I Know,8/5/95,1,18,28,20,-2,8/22/15,46,45,8,50,-5
Tony Toni Tone,If I Had No Loot,11/27/93,5,37,23,39,-2,10/2/93,8,34,20,41,-7
Seether,Careless Whisper,7/25/09,36,36,3,40,-4,1/14/17,8,0,16,13,Re-Entry
Janet,All For You,9/8/01,7,32,26,34,-2,6/23/01,1,31,16,38,-7
Boyz II Men,Pass You By,11/25/00,39,0,1,39,Hot Shot Debut,10/14/00,27,47,15,49,-2
Bo Bice,The Real Thing,7/8/06,17,39,20,37,2,2/23/91,44,44,12,47,-3
Destiny s Child,"Bills, Bills, Bills",10/30/99,26,37,12,38,-1,10/30/99,1,40,24,47,-7
Justin Timberlake Duet With Beyonce,Until The End Of Time,12/22/07,26,37,9,40,-3,4/26/08,44,38,56,43,-5
Ed Sheeran,Don't,1/24/15,2,12,25,13,-1,4/30/16,4,9,38,10,-1
En Vogue,Giving Him Something He Can Feel,10/3/92,31,0,1,31,Hot Shot Debut,9/19/92,1,36,17,47,-11
Usher And Alicia Keys,My Boo,3/12/05,25,35,26,37,-2,7/23/16,10,25,36,25,0
Drake,Find Your Love,10/30/10,8,33,20,34,-1,11/6/10,3,33,26,37,-4
Mandy Moore,I Wanna Be With You,10/7/00,11,33,23,36,-3,12/14/13,30,43,8,50,-7
Next,Wifey,9/9/00,40,0,1,40,Hot Shot Debut,12/23/00,1,38,33,44,-6
Bow Wow Featuring Omarion,Let Me Hold You,11/19/05,10,36,18,38,-2,10/22/05,2,27,24,36,-9
James Bay,Let It Go,7/30/16,29,9,21,12,-3,12/29/12,25,25,2,35,-10
Mase,Feel So Good,3/7/98,36,39,8,37,2,3/21/98,5,46,21,46,0
Destiny's Child,Emotion,2/23/02,8,36,22,40,-4,12/15/01,28,38,12,49,-11
Young Jeezy Featuring Akon,Soul Survivor,3/18/06,10,38,19,38,0,3/11/06,1,48,31,49,-1
Mariah Carey Featuring Jay-Z,Heartbreaker,1/1/00,21,38,16,40,-2,2/9/08,37,50,24,50,0
Whitney Houston Feat. Faith Evans,Heartbreak Hotel,8/7/99,8,33,21,40,-7,6/26/99,1,47,31,43,4
Lenny Kravitz,I Belong To You,4/29/00,36,36,7,36,0,2/22/92,10,21,17,39,-18
Diddy Featuring Nicole Scherzinger,Come To Me,2/3/07,21,32,15,39,-7,12/9/06,13,26,19,39,-13
Fabolous Featuring Mike Shorey & Lil' Mo,Can't Let You Go,8/9/03,23,35,12,39,-4,8/23/03,2,35,28,44,-9
Whitney Houston,"I m Every Woman (From The Bodyguard"")""",5/29/93,3,35,19,38,-3,5/29/93,5,38,21,42,-4
Destiny's Child,Lose My Breath,3/19/05,3,31,26,30,1,2/5/05,10,32,20,50,-18
Vanessa Carlton,Pretty Baby,3/8/03,21,24,11,35,-11,6/24/06,44,47,12,49,-2
The Weeknd,Earned It (Fifty Shades Of Grey),7/18/15,1,18,20,23,-5,8/8/15,1,8,31,10,-2
Ja Rule Featuring Ashanti,Always On Time,6/15/02,5,33,22,39,-6,5/18/02,1,46,29,44,2
Kanye West Featuring Lupe Fiasco,Touch The Sky,4/8/06,35,35,4,40,-5,4/1/06,23,25,18,40,-15
Eminem,Lose Yourself,4/5/03,1,33,26,33,0,2/15/03,4,36,20,42,-6
Who Is Fancy,Goodbye,4/18/15,29,30,6,35,-5,2/16/02,18,38,21,45,-7
Chris Brown Featuring T-Pain,Kiss Kiss,3/15/08,27,21,20,24,-3,3/1/08,2,34,28,50,-16
Tinashe Featuring ScHoolboy Q,2 On,11/29/14,22,39,20,39,0,11/1/14,5,9,30,10,-1
"Nicole Featuring Missy Misdemeanor"" Elliott""",Make It Hot,12/12/98,37,37,7,37,0,12/26/98,6,38,27,36,2
Mariah Carey,Obsessed,12/19/09,8,35,19,38,-3,11/14/09,12,46,20,50,-4
"Trick Daddy Featuring Ludacris, Lil' Kim & Cee-Lo",Sugar (Gimme Some),9/3/05,4,29,26,31,-2,4/9/05,36,41,16,49,-8
Snoop Dogg,Sensual Seduction,4/12/08,19,30,11,36,-6,6/14/08,5,49,30,50,-1
All Saints,Never Ever,12/19/98,3,12,28,14,-2,6/20/09,9,24,20,33,-9
Fifth Harmony,Sledgehammer,2/21/15,21,24,12,29,-5,7/23/16,36,46,2,36,10
Xscape,Just Kickin  It,1/22/94,27,39,12,37,2,2/26/94,1,36,25,45,-9
Monica,Angel Of Mine,7/3/99,5,29,26,28,1,5/22/99,2,46,29,50,-4
Terror Squad,Lean Back,12/11/04,13,38,16,39,-1,2/26/05,1,40,41,50,-10
One Direction,You & I,7/19/14,21,31,10,39,-8,3/23/13,46,47,15,47,0
Natalie Imbruglia,Torn,10/10/98,1,20,33,20,0,10/21/06,2,41,32,46,-5
Brooke Valentine Featuring Lil Jon & Big Boi,Girlfight,7/16/05,30,32,8,39,-7,6/18/05,13,38,21,47,-9
Mark Morrison,Return Of The Mack,10/4/97,3,23,26,22,1,10/25/97,4,47,41,49,-2
OutKast,Hey Ya!,4/17/04,1,16,27,19,-3,4/3/04,9,33,21,47,-14
Sean Paul Featuring Keyshia Cole,When You Gonna (Give It Up To Me),7/22/06,30,32,5,30,2,7/22/06,21,28,9,22,6
98 Degrees,Invisible Man,12/27/97,12,35,23,39,-4,10/11/97,38,45,20,45,0
Chris Brown Featuring Lil' Wayne,Gimme That,9/2/06,22,39,16,40,-1,8/26/06,5,39,19,45,-6
Twista,Overnight Celebrity,7/31/04,23,33,9,39,-6,8/28/04,2,37,26,37,0
50 Cent Featuring Justin Timberlake & Timbaland,Ayo Technology,1/26/08,11,30,20,33,-3,11/3/07,41,41,11,44,-3
Robyn,Do You Know (What It Takes),11/8/97,3,23,26,24,-1,8/16/97,33,43,17,44,-1
Zedd & Alessia Cara,Stay,3/18/17,29,0,1,29,Hot Shot Debut,8/18/12,36,49,54,49,0
Natalie La Rose Featuring Fetty Wap,Around The World,8/29/15,31,31,7,35,-4,9/5/15,30,30,7,44,-14
Monifah,Touch It,4/10/99,13,39,26,38,1,6/10/06,9,31,33,40,-9
Snoop Dogg Featuring The-Dream,Gangsta Luv,2/20/10,39,39,3,39,0,2/6/10,24,28,16,47,-19
The Cranberries,Dreams,7/2/94,33,0,10,40,Re-Entry,8/27/05,12,34,14,37,-3
Mariah Carey,We Belong Together,10/29/05,1,16,26,21,-5,3/25/06,1,46,52,47,-1
Kanye West,All Of The Lights,5/21/11,38,40,3,38,2,10/1/11,2,47,42,45,2
Prince,Pink Cashmere,10/30/93,30,30,4,33,-3,11/20/93,14,28,15,43,-15
Ray J,One Wish,4/22/06,16,36,20,40,-4,4/8/06,3,39,31,30,9
Ludacris Featuring Shawnna,Stand Up,5/1/04,9,37,26,40,-3,3/20/04,1,45,32,46,-1
Fetty Wap,Trap Queen,9/5/15,20,38,20,40,-2,11/28/15,2,10,44,8,2
Nicki Minaj Featuring Rihanna,Fly,1/28/12,29,34,16,40,-6,11/19/11,39,30,11,36,-6
Shai,If I Ever Fall In Love,4/3/93,5,36,20,36,0,3/27/93,1,43,25,50,-7
Enrique Iglesias,Be With You,9/16/00,6,36,26,35,1,1/22/11,44,46,7,49,-3
Young Money Featuring Lloyd,BedRock,6/19/10,6,32,20,38,-6,5/15/10,2,37,29,48,-11
Alicia Keys,Fallin',2/9/02,1,29,26,30,-1,12/8/01,1,45,32,47,-2
Beyonce Featuring Jay-Z,Crazy In Love,11/29/03,1,29,26,30,-1,11/8/03,1,36,25,38,-2
Rihanna,Take A Bow,9/27/08,1,17,25,19,-2,11/29/08,40,37,30,45,-8
Bow Wow Featuring Ciara,Like You,1/14/06,9,36,18,38,-2,1/21/06,1,34,27,46,-12
Waka Flocka Flame,No Hands,3/19/11,28,33,10,36,-3,10/15/11,2,47,60,47,0
Christina Aguilera,What A Girl Wants,5/20/00,1,26,26,30,-4,9/27/03,47,49,7,47,2
David Banner,Play,11/12/05,37,37,4,38,-1,12/24/05,5,46,26,50,-4
Aaliyah,Back,9/24/94,16,31,15,36,-5,10/29/94,1,38,27,46,-8
Gwen Stefani,Cool,11/19/05,10,37,19,40,-3,9/26/09,19,43,61,47,-4
Nick Jonas,Levels,11/21/15,33,25,11,33,-8,10/5/13,43,49,5,49,0
P. Diddy Featuring Usher & Loon,I Need A Girl (Part One),9/14/02,2,36,21,40,-4,8/17/02,2,39,25,46,-7
Fabolous,Young'n (Holla Back),4/20/02,31,31,6,37,-6,4/27/02,17,43,26,45,-2
Adina Howard,Freak Like Me,9/2/95,20,38,18,40,-2,8/12/95,2,39,28,45,-6
City High,What Would You Do?,11/17/01,2,34,24,37,-3,8/16/03,14,44,27,44,0
Brandy,Full Moon,8/3/02,20,20,10,33,-13,8/31/02,16,47,20,48,-1
Ludacris Co-Starring T-Pain,One More Drink,2/21/09,29,32,8,37,-5,3/7/09,15,43,20,49,-6
Robin Thicke Featuring Nicki Minaj,Back Together,10/17/15,28,31,5,36,-5,9/5/15,41,41,2,46,-5
Portrait,Here We Go Again!,4/24/93,12,31,13,37,-6,4/24/93,3,41,30,46,-5
Tevin Campbell,Can We Talk,3/5/94,14,34,18,39,-5,4/30/94,1,40,30,46,-6
Iggy Azalea Featuring Rita Ora,Black Widow,12/13/14,1,14,22,15,-1,1/10/15,1,11,27,10,1
'N Sync,Gone,3/2/02,7,33,26,35,-2,10/19/13,14,0,1,6,Hot Shot Debut
Adele,Hello,3/19/16,19,18,20,18,0,7/22/00,50,50,14,50,0
Bon Jovi,Always,4/1/95,8,15,26,17,-2,7/10/10,44,44,12,47,-3
Maroon5,Sunday Morning,4/16/05,35,39,18,39,0,11/13/93,20,32,18,49,-17
Chris Brown & Tyga,Ayo,5/9/15,26,28,9,35,-7,7/18/15,7,24,26,23,1
Ben Rector,Brand New,8/27/16,27,33,11,40,-7,3/22/14,40,0,1,40,New
Mario Winans Featuring Enya & P. Diddy,I Don't Wanna Know,10/2/04,4,36,26,40,-4,8/21/04,41,41,28,41,0
Whitney Houston & CeCe Winans,Count On Me,6/1/96,32,38,6,39,-1,3/7/92,48,48,7,49,-1
En Vogue,Free Your Mind,12/19/92,13,33,12,34,-1,10/31/92,23,23,19,34,-11
Soulja Boy Tell 'em Featuring Sammie,Kiss Me Thru The Phone,7/11/09,5,29,20,26,3,6/20/09,4,43,24,41,2
Beyonce Featuring Slim Thug,Check On It,5/20/06,1,16,27,20,-4,5/20/06,3,44,25,50,-6
Demi Lovato,Confident,3/5/16,9,30,20,34,-4,5/17/14,13,42,16,47,-5
Karmin,I Want It All,4/5/14,39,0,2,40,Re-Entry,12/25/99,11,40,20,47,-7
Jade,Don t Walk Away,8/14/93,5,27,26,30,-3,7/24/93,2,33,37,43,-10
B2K & P. Diddy,"Bump, Bump, Bump",5/31/03,3,33,23,36,-3,3/29/03,40,41,20,46,-5
Lorde,Green Light,3/18/17,26,0,1,30,New,4/18/09,6,46,33,48,-2
Tag Team,Whoomp! (There It Is),9/4/93,38,38,3,38,0,1/29/94,1,46,37,45,1
Usher Featuring will.i.am,OMG,9/11/10,2,18,21,19,-1,10/9/10,3,40,24,38,2
Nas,I Can,6/7/03,27,27,7,38,-11,6/28/03,7,36,26,45,-9
Rihanna Featuring David Guetta,Right Now,9/7/13,30,26,12,37,-11,1/16/93,1,44,22,49,-5
Jason Derulo Featuring Snoop Dogg,Wiggle,8/30/14,10,36,14,38,-2,11/1/14,2,19,26,21,-2
The Brand New Heavies,Dream On Dreamer,5/28/94,25,34,9,40,-6,6/11/94,19,38,20,48,-10
Will Smith,Gettin' Jiggy Wit It,4/11/98,9,10,29,9,1,4/11/98,6,32,20,39,-7
Deborah Cox,Who Do U Love,5/18/96,28,33,11,39,-6,6/8/96,12,42,20,49,-7
Usher,Nice,7/11/98,22,39,18,39,0,9/5/98,9,47,33,46,1
Akon Featuring Eminem,Smack That,2/17/07,4,12,20,16,-4,2/3/07,34,55,19,42,13
Pink,There You Go,10/7/00,2,25,26,25,0,5/27/00,15,48,20,49,-1
J-Kwon,Tipsy,9/4/04,8,34,26,36,-2,8/14/04,2,50,36,49,1
Nelly Featuring City Spud,Ride Wit Me,9/8/01,3,22,26,23,-1,6/9/01,34,40,18,49,-9
September,Cry For You,10/25/08,29,30,11,36,-6,5/7/94,1,41,24,45,-4
Eminem,Beautiful,7/18/09,35,35,3,38,-3,3/29/14,43,0,1,36,Hot Shot Debut
TLC,Unpretty,1/22/00,3,18,30,19,-1,12/4/99,4,30,20,49,-19
Az Yet Featuring Peter Cetera,Hard To Say I'm Sorry,10/11/97,14,33,26,36,-3,6/21/97,20,35,20,39,-4
Usher,Confessions Part II,10/2/04,7,30,18,35,-5,11/6/04,1,42,31,49,-7
Cam'ron Featuring Juelz Santana,Oh Boy,8/17/02,24,25,7,38,-13,10/12/02,1,32,32,44,-12
Nelly Furtado,Do It,9/22/07,28,28,6,30,-2,9/29/12,48,49,19,49,0
Drake Featuring Rihanna,Too Good,11/12/16,9,23,20,24,-1,11/12/16,3,10,26,12,-2
Madonna,Music,2/3/01,2,29,26,31,-2,10/27/01,2,36,24,44,-8
The 1975,Chocolate,3/22/14,25,29,11,39,-10,11/12/94,44,46,13,46,0
Fefe Dobson,Take Me Away,12/20/03,25,27,8,31,-4,4/30/11,27,45,12,47,-2
Bubba Sparxxx Featuring Ying Yang Twins & Mr. ColliPark,Ms. New Booty,7/29/06,9,34,19,38,-4,6/10/06,7,37,23,41,-4
Toni Braxton,You Mean The World To Me,10/15/94,4,31,26,34,-3,9/10/94,3,49,26,49,0
Jay-Z + Alicia Keys,Empire State Of Mind,3/20/10,5,24,20,28,-4,3/27/10,1,46,28,50,-4
Trey Songz Featuring Nicki Minaj,"Touchin, Lovin",12/20/14,37,39,5,39,0,1/10/15,12,16,26,19,-3
Diddy Featuring Christina Aguilera,Tell Me,5/26/07,34,37,18,40,-3,1/20/07,38,49,13,41,8
Jennifer Lopez Featuring LL Cool J,All I Have,6/21/03,1,35,26,39,-4,5/3/03,4,33,21,44,-11
Jennifer Lopez,If You Had My Love,11/13/99,2,26,26,28,-2,8/21/99,6,39,20,48,-9
Kelis Featuring Too $hort,Bossy,10/7/06,20,30,12,40,-10,9/30/06,11,38,23,46,-8
Janet,Doesn t Really Matter,12/2/00,3,32,22,36,-4,11/4/00,3,38,22,46,-8
Boyz II Men,"End Of The Road (From Boomerang"")""",3/6/93,1,36,23,38,-2,1/16/93,1,48,27,45,3
Jay Z  Kanye West,Ni**as in Paris,4/7/12,17,29,20,35,-6,6/23/12,1,46,45,44,2
Travi$ Scott,Antidote,3/5/16,25,26,9,38,-12,3/12/16,7,12,26,16,-4
Mya,Case Of The Ex (Whatcha Gonna Do),3/31/01,3,24,26,31,-7,1/27/01,10,48,29,49,-1
"Irv Gotti Presents The Inc. Featuring Ja Rule, Ashanti, Charli Baltimore & Vita",Down 4 U,10/12/02,22,27,8,37,-10,10/19/02,3,32,23,50,-18
Kid Ink Featuring Chris Brown,Show Me,5/31/14,21,33,18,39,-6,6/14/14,44,10,33,10,0
Yung Berg Featuring Junior,Sexy Lady,10/20/07,23,30,15,36,-6,10/6/07,16,37,23,47,-10
Chris Brown,Yo (Excuse Me Miss),5/27/06,13,32,15,35,-3,6/17/06,2,42,27,49,-7
J. Holiday,Bed,1/19/08,21,37,14,37,0,3/1/08,1,38,36,42,-4
Shakespear s Sister,I Don t Care,1/30/93,33,33,7,36,-3,10/28/00,24,42,33,47,-5
Robin Thicke,Lost Without U,5/12/07,27,27,6,30,-3,12/1/07,1,48,56,48,0
BLACKstreet (Featuring Dr. Dre),No Diggity,5/17/97,10,23,26,27,-4,3/22/97,1,41,24,45,-4
Cause,It s Over Now,8/20/94,36,36,4,39,-3,7/10/99,20,40,20,50,-10
Janet Jackson,Because Of Love,6/11/94,4,29,20,40,-11,5/7/94,9,54,20,48,6
Mariah Carey,I'll Be Lovin' U Long Time,9/13/08,27,27,7,36,-9,9/6/08,36,41,9,45,-4
Lady Antebellum,Just A Kiss,2/4/12,21,36,16,39,-3,10/10/09,36,36,17,45,-9
Salt-N-Pepa,Shoop,4/9/94,15,30,18,37,-7,3/12/94,3,34,24,40,-6
Jason Derulo,What If,12/18/10,26,26,8,32,-6,6/26/04,47,54,10,47,7
Kandi,Don t Think I m Not,12/16/00,13,16,14,13,3,10/14/00,32,50,15,48,2
Robyn,Show Me Love,4/11/98,5,18,29,19,-1,1/10/98,44,46,19,49,-3
Nappy Roots Featuring Anthony Hamilton,Po' Folks,12/28/02,25,35,10,39,-4,12/28/02,13,41,28,50,-9
Ariana Grande,Into You,11/19/16,15,27,20,26,1,11/15/03,6,26,26,37,-11
Beenie Man Featuring Ms. Thing,Dude,8/7/04,34,34,4,39,-5,8/7/04,16,40,33,37,3
Zara Larsson Featuring Ty Dolla $ign,So Good,3/18/17,39,0,1,40,New,2/21/98,49,39,20,43,-4
Fabolous Featuring Jermaine Dupri,Baby Don't Go,12/29/07,33,35,6,35,0,12/15/07,23,45,18,50,-5
Nelly Featuring Kelly Rowland,Dilemma,1/11/03,1,28,26,24,4,2/8/03,1,44,32,49,-5
Ciara Featuring Petey Pablo,Goodies,2/19/05,3,30,26,33,-3,2/19/05,1,46,36,46,0
Gnarls Barkley,Crazy,11/4/06,39,26,20,25,1,10/11/03,42,54,18,50,4
Monica,The First Night,12/19/98,24,33,12,33,0,2/6/99,1,43,26,50,-7
Puff Daddy,I ll Be Missing You,8/9/97,13,18,26,13,5,8/9/97,1,1,33,3,-2
Justin Timberlake,Drink You Away,3/5/16,32,36,6,40,-4,12/5/15,17,17,4,34,-17
Jennifer Lopez Featuring Ja Rule,I'm Real,1/26/02,5,17,28,18,-1,12/22/01,45,39,27,46,-7
All Star Tribute,What's Going On,11/17/01,24,29,6,40,-11,12/15/12,35,0,1,35,New
Eminem Featuring Rihanna,The Monster,3/29/14,1,16,20,17,-1,5/10/14,1,9,26,10,-1
Major Lazer Featuring Ellie Goulding & Tarrus Riley,Powerful,11/14/15,22,24,7,36,-12,12/19/15,36,0,1,36,New
Iyaz,Solo,6/5/10,19,27,14,40,-13,9/10/16,38,0,1,38,New
Missy Elliott Featuring Ciara & Fat Man Scoop,Lose Control,11/26/05,6,27,22,30,-3,2/21/15,6,0,26,17,Re-Entry
Destiny s Child,Say My Name,8/12/00,19,29,26,30,-1,7/29/00,22,48,35,50,-2
Brandy,What About Us?,4/20/02,17,17,11,32,-15,5/11/02,3,45,17,49,-4
R. Kelly,I Wish,3/24/01,34,35,4,37,-2,3/10/01,33,44,26,47,-3
Lloyd Featuring Ashanti,Southside,9/25/04,33,33,3,34,-1,9/11/04,13,32,20,44,-12
Rita Ora Featuring Tinie Tempah,R.I.P.,11/24/12,28,29,9,31,-2,6/29/13,17,38,19,43,-5
Chris Brown Featuring Usher & Rick Ross,New Flame,1/17/15,29,39,10,39,0,1/10/15,6,18,26,17,1
Rihanna & Kanye West & Paul McCartney,FourFiveSeconds,5/30/15,37,35,17,38,-3,7/4/15,12,24,22,23,1
One Block Radius,You Got Me,9/27/08,30,33,7,35,-2,12/26/15,45,0,1,45,New
Shanice,"Saving Forever For You (From Beverly Hills, 90210"")""",4/24/93,6,33,20,33,0,2/27/93,20,50,20,48,2
Train,If It's Love,12/18/10,19,35,20,39,-4,2/25/12,24,40,49,50,-10
Destiny's Child,Survivor,7/21/01,2,35,18,39,-4,6/30/01,6,36,16,41,-5
Drop City Yacht Club Featuring Jeremih,Crickets,6/22/13,36,36,6,38,-2,6/29/13,36,36,12,41,-5
Sammy Adams,Only One,8/11/12,33,34,8,38,-4,3/28/15,11,34,11,49,-15
T-Pain Featuring Yung Joc,Buy U A Drank (Shawty Snappin'),10/20/07,4,19,25,20,-1,11/10/07,1,42,39,44,-2
Chingy,Balla Baby,1/29/05,23,33,12,40,-7,12/18/04,17,37,15,39,-2
Sean Paul Featuring Keyshia Cole,(When You Gonna) Give It Up To Me,11/4/06,8,18,20,21,-3,10/28/06,5,27,23,49,-22
Trey Songz,Na Na,8/16/14,28,31,11,39,-8,8/2/14,5,6,26,8,-2
Lil Wayne Featuring Bobby Valentino & Kidd Kidd,Mrs. Officer,1/24/09,34,39,9,40,-1,4/4/09,5,47,38,50,-3
Jesse McCartney,Shake,1/1/11,17,28,12,35,-7,2/4/06,37,37,19,50,-13
Boyz II Men,I'll Make Love To You,2/4/95,15,20,26,26,-6,2/11/95,29,34,27,50,-16
Charlie Puth,One Call Away,4/16/16,11,13,20,19,-6,6/5/04,3,39,22,41,-2
Omarion Featuring Chris Brown & Jhene Aiko,Post To Be,9/12/15,20,30,12,35,-5,9/5/15,5,8,38,9,-1
No Mercy,Please Don t Go,2/22/97,30,35,11,30,5,6/20/92,8,33,17,49,-16
Lupe Fiasco,The Show Goes On,8/20/11,6,11,20,16,-5,5/14/11,45,46,21,49,-3
Snoop Dogg Featuring Pharrell,Drop It Like It's Hot,3/19/05,5,32,18,36,-4,6/25/05,1,43,42,45,-2
Kelly Rowland Featuring Lil Wayne,Motivation,10/15/11,24,27,10,30,-3,3/3/12,1,49,49,49,0
702,Where My Girls At?,1/22/00,10,20,28,20,0,10/30/99,3,39,29,49,-10
Kenny G With Peabo Bryson,By The Time This Night Is Over,7/24/93,29,31,8,33,-2,7/10/93,37,43,13,37,6
Richard Vission & Static Revenger Starring Luciana,I Like That,10/2/10,36,38,4,37,1,9/25/04,14,29,18,47,-18
Rihanna Featuring Jay-Z,Umbrella,9/29/07,2,20,24,19,1,9/15/07,4,37,22,45,-8
Samantha Mumba,Gotta Tell You,3/3/01,5,28,26,28,0,11/18/00,49,58,9,49,9
Nivea Featuring Brian & Brandon Casey,Don't Mess With My Man,5/10/03,4,23,26,32,-9,2/8/03,25,38,32,46,-8
The Weeknd,Can't Feel My Face,11/7/15,1,8,20,15,-7,1/23/16,1,10,28,10,0
TLC,Baby-Baby-Baby,10/24/92,9,18,4,25,-7,11/28/92,1,0,26,49,Re-Entry
K-Ci,Tell Me It s Real,10/9/99,23,40,18,40,0,11/6/99,2,44,25,47,-3
D.R.A.M. Featuring Lil Yachty,Broccoli,1/14/17,22,38,12,39,-1,12/24/16,1,5,26,7,-2
Mya,Fallen,2/14/04,35,35,5,39,-4,1/17/04,35,44,11,45,-1
Jibbs,Chain Hang Low,11/11/06,25,35,9,36,-1,11/18/06,16,28,17,48,-20
Allure Featuring 112,All Cried Out,2/28/98,6,26,26,27,-1,1/24/98,9,36,22,48,-12
Black Eyed Peas Featuring Macy Gray,Request Line,4/28/01,34,38,3,34,4,5/31/97,9,41,20,49,-8
"Shaggy Featuring Ricardo RikRok"" Ducent""",It Wasn't Me,5/5/01,1,31,26,31,0,4/28/01,3,38,26,50,-12
The Chainsmokers Featuring Rozes,Roses,4/16/16,4,11,25,14,-3,7/24/04,12,45,21,44,1
Edwin McCain,I'll Be,11/14/98,11,11,41,15,-4,6/21/97,5,31,20,41,-10
Keri Hilson Featuring Kanye West & Ne-Yo,Knock You Down,10/31/09,3,17,22,19,-2,10/24/09,1,45,30,45,0
Usher,U Remind Me,1/19/02,6,36,25,37,-1,11/24/01,1,49,27,50,-1
Ruff Endz,No More,1/27/01,18,34,19,38,-4,2/10/01,1,44,41,47,-3
Eve Featuring Gwen Stefani,Let Me Blow Ya Mind,12/22/01,1,25,26,28,-3,9/29/01,6,51,29,50,1
Brandy,The Boy Is Mine,11/21/98,4,33,25,40,-7,12/26/98,12,42,31,41,1
Petey Pablo,Freek-A-Leek,9/25/04,17,38,18,39,-1,9/11/04,5,40,39,48,-8
Priory,Weekend,2/28/15,37,40,3,37,3,2/6/16,46,0,1,46,New
Nelly Featuring Jeremih,The Fix,1/23/16,30,30,10,38,-8,2/20/16,20,23,25,25,-2
Sarah Connor,Bounce,5/8/04,11,26,13,32,-6,3/26/16,44,0,1,34,New
T.I. Featuring Justin Timberlake,Dead And Gone,6/6/09,4,17,20,19,-2,6/27/09,2,44,23,49,-5
The Tony Rich Project,Like A Woman,9/14/96,28,30,7,34,-4,8/24/96,42,48,15,48,0
U2,All I Want Is You,9/10/94,38,38,3,40,-2,3/19/11,8,49,35,50,-1
Tyga,Rack City,4/7/12,32,33,5,36,-3,6/2/12,5,43,28,42,1
The Wallflowers,The Difference,10/18/97,19,31,13,35,-4,11/19/16,35,0,1,35,New
"Missy Misdemeanor"" Elliott""",Get Ur Freak On,9/1/01,19,33,10,37,-4,2/21/15,3,0,36,15,Re-Entry
OutKast,Ms. Jackson,5/5/01,13,30,18,33,-3,4/21/01,1,44,26,43,1
Tyrese,How You Gonna Act Like That,6/14/03,22,26,9,39,-13,8/2/03,3,39,38,49,-10
The Weeknd,In The Night,4/9/16,3,20,20,21,-1,4/16/16,3,16,23,18,-2
Wayne Wonder,No Letting Go,9/6/03,10,34,20,38,-4,6/28/03,14,31,37,41,-10
Michael Jackson,You Are Not Alone,11/25/95,4,30,15,39,-9,1/13/96,1,45,20,46,-1
Vertical Horizon,Everything You Want,9/2/00,2,17,36,18,-1,8/9/97,29,37,14,37,0
Maria Mena,You're The Only One,7/10/04,25,25,7,30,-5,2/28/09,17,48,42,50,-2
Major Lazer Featuring PARTYNEXTDOOR & Nicki Minaj,Run Up,3/18/17,38,0,1,39,New,3/4/17,26,48,3,50,-2
Chris Brown Featuring Lil Wayne & Busta Rhymes,Look At Me Now,7/23/11,29,38,12,38,0,10/8/11,1,50,37,48,2
Calvin Harris,My Way,11/26/16,40,19,9,34,-15,1/2/16,31,17,26,18,-1
The Chainsmokers Featuring Halsey,Closer,3/11/17,20,13,30,15,-2,6/18/11,50,59,8,50,9
50 Cent,In Da Club,8/16/03,1,31,26,33,-2,8/2/03,1,45,32,48,-3
112,Peaches & Cream,11/10/01,16,36,17,39,-3,11/10/01,2,38,34,49,-11
All-4-One,I Can Love You Like That,11/25/95,4,28,26,33,-5,8/26/95,40,51,20,48,3
Crystal Waters,100% Pure Love,2/4/95,7,16,26,16,0,8/13/94,38,38,20,39,-1
The Weeknd,The Hills,1/9/16,2,18,20,19,-1,4/9/16,1,7,44,10,-3
Fat Joe Featuring Ashanti,What's Luv?,9/21/02,3,33,26,33,0,7/20/02,3,40,25,42,-2
Pink,Sober,5/16/09,3,15,22,19,-4,2/21/15,29,38,6,41,-3
Chris Brown Featuring Nicki Minaj,Love More,12/28/13,39,0,1,39,New,2/1/14,7,10,26,13,-3
Jon B. Featuring Babyface,Someone To Love,1/13/96,12,0,23,40,Re-Entry,11/11/95,28,38,29,48,-10
Usher,Scream,9/22/12,20,19,20,22,-3,8/19/95,2,38,14,50,-12
Janet,Feedback,3/1/08,30,30,6,38,-8,4/30/16,39,36,2,46,-10
Trey Songz,Simply Amazing,3/16/13,33,33,3,37,-4,4/13/13,34,44,7,50,-6
Jay-Z,Show Me What You Got,12/9/06,37,37,2,40,-3,1/20/07,3,35,14,35,0
Lloyd,Get It Shawty,8/18/07,26,33,11,38,-5,8/18/07,4,41,23,47,-6
Montell Jordan,This Is How We Do It,10/7/95,11,37,22,38,-1,9/9/95,1,50,31,49,1
Aloe Blacc,The Man,6/7/14,7,30,18,39,-9,7/5/14,4,24,20,26,-2
Big Sean Featuring Nicki Minaj,Dance (A$$),3/3/12,27,28,7,32,-4,5/19/12,12,47,42,50,-3
Nicki Minaj,Right Thru Me,1/22/11,32,32,5,38,-6,2/19/11,4,39,20,42,-3
Usher Featuring Young Jeezy,Love In This Club,7/26/08,2,15,21,17,-2,8/16/08,1,45,26,45,0
OutKast Featuring Killer Mike,The Whole World,5/11/02,23,30,11,40,-10,4/27/02,8,39,21,49,-10
The Nixons,Sister,8/17/96,39,0,3,39,Re-Entry,7/15/06,14,18,16,32,-14
Jay-Z Featuring Amil (Of Major Coinz),Can I Get A...,7/31/99,27,35,16,37,-2,5/1/99,9,42,31,49,-7
Ja Rule Featuring Case,Livin' It Up,4/6/02,8,37,23,36,1,1/26/02,4,37,25,50,-13
Drake Featuring WizKid & Kyla,One Dance,10/1/16,1,12,23,15,-3,12/3/16,1,10,33,10,0
Amine,Caroline,2/25/17,30,34,9,36,-2,2/25/17,21,10,26,10,0
Quietdrive,Time After Time,9/15/07,25,30,12,36,-6,10/24/98,30,40,19,46,-6
Alicia Keys,You Don't Know My Name,2/28/04,31,33,6,36,-3,5/22/04,1,43,30,47,-4
En Vogue,"Too Gone, Too Long",11/8/97,26,26,9,37,-11,12/6/97,25,39,20,49,-10
Beyonce,Best Thing I Never Had,9/17/11,15,29,12,35,-6,12/10/11,4,35,26,46,-11
Field Mob,Sick Of Being Lonely,5/17/03,24,29,6,40,-11,5/10/03,10,41,34,50,-9
I LOVE MAKONNEN Featuring Drake,Tuesday,2/28/15,23,31,12,35,-4,3/14/15,2,16,25,21,-5
"The Notorious B.I.G. Featuring Diddy, Nelly, Jagged Edge & Avery Storm",Nasty Girl,3/11/06,37,0,1,37,Hot Shot Debut,3/18/06,20,51,16,49,2
Emeli Sande,Next To Me,7/13/13,17,28,19,38,-10,7/27/13,7,20,23,25,-5
Mary J. Blige,Sweet Thing,4/17/93,28,28,8,39,-11,6/19/93,11,48,20,47,1
Enrique Iglesias,Heart Attack,1/4/14,26,33,9,36,-3,12/8/12,3,19,36,22,-3
Silento,Watch Me,10/10/15,18,38,14,38,0,12/19/15,2,5,41,7,-2
Blaque,I Do,6/10/00,39,39,3,40,-1,6/2/12,4,48,27,50,-2
"Lil Wayne, Wiz Khalifa & Imagine Dragons With Logic & Ty Dolla $ign Feat. X Ambassadors",Sucker For Pain,12/10/16,21,37,14,37,0,12/17/16,3,16,20,30,-14
Ja Rule Featuring Ashanti,Mesmerize,6/7/03,3,35,20,39,-4,4/19/03,5,39,18,46,-7
Aaliyah,Try Again,11/4/00,3,30,26,32,-2,9/9/00,4,41,27,47,-6
Flo Rida,I Cry,2/23/13,4,11,20,16,-5,8/4/01,11,37,15,38,-1
New Order,Regret,8/21/93,7,32,14,40,-8,3/6/10,8,48,29,50,-2
Mary J. Blige Featuring Eve,Not Today,1/31/04,35,35,5,38,-3,2/7/04,21,37,12,49,-12
Mary Lambert,Secrets,11/22/14,26,27,8,32,-5,12/31/16,22,31,3,48,-17
T-Pain Featuring Wiz Khalifa & Lily Allen,5 O'Clock,2/18/12,10,29,16,40,-11,2/11/12,9,31,19,42,-11
Macklemore & Ryan Lewis Featuring Mary Lambert,Same Love,11/2/13,5,20,20,23,-3,10/26/13,3,13,42,18,-5
Lloyd Featuring Andre 3000 & Lil Wayne,Dedication To My Ex (Miss That),11/12/11,39,30,7,36,-6,10/22/11,48,44,10,48,-4
Diddy Featuring Keyshia Cole,Last Night,8/4/07,36,36,20,37,-1,6/16/07,7,45,28,50,-5
Bebe Rexha,I Got You,3/18/17,17,17,13,19,-2,10/9/93,35,35,11,36,-1
Boyz II Men,I ll Make Love To You,12/31/94,1,14,26,16,-2,12/31/94,1,23,27,27,-4
Iggy Azalea Featuring Charli XCX,Fancy,8/23/14,1,8,20,10,-2,11/8/14,4,7,34,10,-3
Ciara Featuring Missy Elliott,"1, 2 Step",5/21/05,1,15,26,19,-4,4/30/05,4,39,28,47,-8
Kelis,Milkshake,3/6/04,8,27,13,30,-3,3/20/04,4,47,29,49,-2
Nickelback,Far Away,2/24/07,1,17,30,18,-1,11/12/11,3,46,47,49,-3
Mariah Carey,Don't Forget About Us,3/11/06,3,23,20,26,-3,4/8/06,1,43,25,45,-2
Plies Featuring Ne-Yo,Bust It Baby Part 2,9/20/08,18,38,15,37,1,10/4/08,2,43,30,50,-7
India.Arie,Video,6/8/02,22,31,10,38,-7,7/28/01,45,41,25,46,-5
Toni Braxton,Un-Break My Heart,5/3/97,2,17,26,20,-3,5/3/97,2,42,28,50,-8
Lauryn Hill,Doo Wop (That Thing),5/15/99,29,38,26,39,-1,4/17/99,2,44,24,48,-4
Chris Brown Featuring Lil Wayne & French Montana Or Too $hort Or Tyga,Loyal,7/5/14,39,39,3,40,-1,9/6/14,11,8,32,8,0
Lumidee,"Never Leave You - Uh Ooh, Uh Oooh!",11/1/03,15,0,16,40,Re-Entry,9/27/03,9,30,22,42,-12
Chingy,Right Thurr,12/20/03,5,36,23,40,-4,2/14/04,2,48,43,48,0
"Dem Franchize Boyz Featuring Jermaine Dupri, Da Brat & Bow Wow",I Think They Like Me,1/28/06,39,0,1,39,New,4/15/06,43,46,38,48,-2
Paul Wall,Girl,7/1/06,27,28,9,38,-10,5/6/06,42,45,9,49,-4
Yung Joc,It's Goin' Down,9/16/06,20,31,13,34,-3,10/14/06,1,42,35,45,-3
Alicia Keys,Karma,7/30/05,3,34,26,38,-4,4/16/05,17,48,23,44,4
Prince,The Most Beautiful Girl In The World,8/27/94,3,37,25,39,-2,8/6/94,2,42,23,46,-4
Pharrell Williams,Come Get It Bae,9/6/14,19,21,13,36,-15,10/11/14,21,0,20,49,Re-Entry
Soulja Boy Tell'em,Crank That (Soulja Boy),1/26/08,25,26,20,32,-6,2/16/08,4,47,34,49,-2
Monica,Don't Take It Personal (Just One Of Dem Days),11/4/95,23,29,16,38,-9,10/28/95,1,38,28,42,-4
Fun Factory,Close To You,5/27/95,40,0,1,40,Hot Shot Debut,5/1/10,21,48,44,49,-1
Justin Bieber,Somebody To Love,8/14/10,20,27,14,40,-13,11/14/98,43,47,15,43,4
Timbaland Featuring Nelly Furtado & Justin Timberlake,Give It To Me,8/4/07,3,13,25,16,-3,5/5/07,38,38,11,40,-2
Blessid Union Of Souls,I Believe,8/19/95,2,23,26,27,-4,8/14/04,15,44,7,45,-1
Mary J. Blige,Family Affair,3/30/02,1,22,26,23,-1,4/6/02,1,50,38,50,0
B.o.B Featuring Bruno Mars,Nothin' On You,7/31/10,1,18,22,18,0,8/28/10,5,37,30,40,-3
"Nelly Featuring Paul Wall, Ali & Gipp",Grillz,5/20/06,7,29,20,29,0,5/20/06,2,48,29,47,1
Beyonce,XO,3/1/14,18,29,8,40,-11,5/3/14,19,47,18,50,-3
R. Kelly,Gotham City,8/16/97,21,27,8,38,-11,11/1/97,9,42,20,45,-3
Lil Jon & The East Side Boyz Featuring Usher & Ludacris,Lovers And Friends,4/23/05,10,35,17,38,-3,5/21/05,2,33,26,36,-3
T-Pain,I'm Sprung,2/18/06,14,32,15,35,-3,2/11/06,9,46,26,41,5
Ariana Grande Featuring Future,Everyday,3/18/17,38,22,5,20,2,8/15/15,31,41,8,49,-8
Sean Paul,So Fine,9/19/09,24,27,10,35,-8,5/13/95,29,46,20,48,-2
Fabolous Featuring Ne-Yo,Make Me Better,10/27/07,14,27,13,35,-8,12/15/07,2,47,34,47,0
Christina Milian,Dip It Low,10/30/04,2,23,26,25,-2,10/9/04,16,34,30,45,-11
"DJ Khaled Featuring Drake, Rick Ross & Lil Wayne",I'm On One,10/15/11,35,35,4,39,-4,2/4/12,1,45,37,49,-4
Pharrell Featuring Jay-Z,Frontin',10/25/03,29,29,5,29,0,12/27/03,1,41,33,47,-6
Da Brat Featuring Cherish,In Love Wit Chu,8/9/03,32,33,6,36,-3,6/28/03,32,39,14,44,-5
Akon Featuring Snoop Dogg,I Wanna Love You,3/31/07,3,19,20,23,-4,4/21/07,3,49,30,49,0
Jesse McCartney Featuring T-Pain,Body Language,12/26/09,23,30,10,36,-6,2/7/15,21,23,20,24,-1
Zendaya Featuring Chris Brown,Something New,4/9/16,28,28,6,32,-4,4/16/16,27,27,8,36,-9
Avril Lavigne,Smile,9/3/11,35,26,11,37,-11,9/27/97,31,47,20,45,2
Eve Featuring Alicia Keys,Gangsta Lovin',1/18/03,2,38,26,37,1,12/14/02,2,39,24,46,-7
Justin Bieber,Company,5/14/16,16,17,9,25,-8,3/7/15,42,0,1,42,New
Drake,Controlla,9/3/16,40,0,1,40,New,11/12/16,5,15,26,17,-2
Post Malone,White Iverson,2/20/16,27,32,10,37,-5,2/27/16,5,10,26,13,-3
Eamon,F**k It (I Don't Want You Back),5/15/04,9,31,24,39,-8,3/6/04,37,48,13,46,2
Ciara Featuring Ludacris,Oh,10/8/05,6,35,22,38,-3,8/27/05,2,35,42,46,-11
Rihanna,Diamonds,2/23/13,2,17,20,20,-3,6/1/13,1,24,34,24,0
Omarion,Ice Box,5/26/07,13,35,16,39,-4,5/19/07,5,27,27,40,-13
Ciara Featuring Chamillionaire,Get Up,1/20/07,15,33,20,31,2,12/27/08,37,26,10,38,-12
2Pac,Changes,3/6/99,38,39,4,40,-1,3/6/99,12,34,20,42,-8
Alessia Cara,Here,3/5/16,1,8,30,11,-3,4/23/16,1,16,26,23,-7
Mary J. Blige,No More Drama,4/13/02,18,31,11,39,-8,4/27/02,16,40,32,47,-7
Shawn Mendes,Mercy,3/18/17,22,8,19,7,1,1/26/13,1,15,41,20,-5
Backstreet Boys,Incomplete,8/20/05,34,38,18,40,-2,2/17/01,1,49,44,49,0
Destiny's Child,Independent Women Part I,4/14/01,1,27,26,31,-4,3/17/01,3,34,27,45,-11
Sean Paul,Get Busy,10/11/03,3,36,26,38,-2,10/4/03,1,37,34,36,1
Brian McKnight,Back At One,4/8/00,2,23,26,26,-3,3/25/00,7,45,32,50,-5
Haddaway,What Is Love,3/5/94,4,32,26,30,2,4/11/15,39,41,3,45,-4
Daniel Powter,Bad Day,8/5/06,28,23,20,26,-3,11/23/13,17,0,1,17,Hot Shot Debut
Usher,You Make Me Wanna...,5/9/98,7,18,29,19,-1,12/26/98,1,43,71,42,1
Jeremih,Birthday Sex,9/19/09,14,0,16,40,Re-Entry,9/19/09,1,40,27,47,-7
Truth Hurts Featuring Rakim,Addictive,8/10/02,34,36,5,34,2,10/5/02,2,42,29,48,-6
Mariah Carey,It's Like That,4/23/05,16,23,11,37,-14,5/14/05,17,49,17,50,-1
Akon,Don't Matter,7/7/07,3,24,20,24,0,7/7/07,5,46,20,47,-1
David Archuleta,Crush,1/10/09,38,35,20,36,-1,8/9/97,24,45,19,48,-3
Mariah Carey,Through The Rain,2/1/03,26,26,8,31,-5,11/26/94,27,45,20,47,-2
R. Kelly,Bump N  Grind,6/18/94,24,31,9,36,-5,7/30/94,1,43,26,49,-6
H-Town,Knockin  Da Boots,8/7/93,34,36,5,34,2,10/2/93,1,47,27,49,-2
Ginuwine Featuring Baby,Hell Yeah,7/12/03,12,34,16,36,-2,5/17/03,16,29,17,35,-6
Brandy,Have You Ever?,5/8/99,3,21,26,24,-3,4/10/99,2,46,25,46,0
Taylor Swift,Mine,1/8/11,12,31,20,31,0,2/15/14,25,37,7,39,-2
Karmin,Brokenhearted,7/21/12,10,19,20,21,-2,2/17/96,2,41,25,45,-4
Afroman,Because I Got High,10/6/01,25,32,5,34,-2,9/29/01,40,41,7,46,-5
OutKast Featuring Sleepy Brown,The Way You Move,5/29/04,1,20,26,24,-4,7/3/04,2,48,43,50,-2
Jeremih,Oui,5/28/16,36,39,5,38,1,6/25/16,5,11,26,12,-1
Kanye West,Love Lockdown,3/14/09,10,30,20,31,-1,12/6/08,26,39,11,44,-5
Bobby Brown,Humpin  Around,10/31/92,6,21,5,29,-8,12/19/92,1,53,20,50,3
Justin Bieber,One Time,12/26/09,14,26,20,34,-8,6/6/15,34,39,9,42,-3
Flume Featuring Tove Lo,Say It,2/25/17,40,31,11,39,-8,4/16/16,10,14,26,13,1
Janet Featuring BLACKstreet,I Get Lonely,7/18/98,29,37,11,39,-2,12/26/98,1,46,33,44,2
Luther Vandross,Endless Love,11/26/94,7,31,11,40,-9,11/12/94,7,30,13,39,-9
Christina Aguilera,Your Body,11/24/12,20,22,9,30,-8,11/12/05,22,28,14,41,-13
Kanye West,Through The Wire,4/10/04,32,32,5,34,-2,5/1/04,8,35,29,46,-11
Brownstone,If You Love Me,6/24/95,21,36,19,36,0,4/1/00,5,48,32,44,4
TLC,Girl Talk,12/21/02,23,25,8,36,-11,12/21/02,23,37,11,47,-10
"Three 6 Mafia Featuring Project Pat, Young D & Superpower",Lolli Lolli (Pop That Body),10/4/08,20,28,12,36,-8,8/16/08,48,51,9,48,3
Xscape,Just Kickin' It,12/25/93,23,25,12,25,0,12/25/93,2,7,25,9,-2
Jay-Z,Dirt Off Your Shoulder,7/17/04,18,31,13,36,-5,7/31/04,3,38,34,45,-7
Jordin Sparks,Tattoo,4/5/08,5,20,26,20,0,8/11/07,31,46,20,48,-2
Michael Jackson,Blood On The Dance Floor,5/10/97,38,38,2,39,-1,6/21/97,19,34,13,49,-15
Juelz Santana,There It Go! (The Whistle Song),4/29/06,13,35,20,35,0,2/25/06,8,32,26,41,-9
HAIM,Forever,7/12/14,37,37,4,37,0,3/6/10,35,40,26,38,2
Jason Derulo,The Other Side,9/21/13,5,18,20,23,-5,6/8/91,34,35,11,34,1
Alicia Keys,A Woman's Worth,3/9/02,16,28,12,36,-8,4/20/02,3,34,28,50,-16
Fastball,Out Of My Head,11/6/99,8,30,26,34,-4,11/5/11,11,43,32,47,-4
La Roux,Bulletproof,8/21/10,6,13,23,16,-3,2/27/10,46,52,17,49,3
Paula Cole,Me,6/6/98,25,26,13,32,-6,12/1/07,32,46,25,47,-1
John Legend,Love Me Now,3/11/17,19,35,19,38,-3,3/11/17,10,20,20,30,-10
Janet,Doesn't Really Matter,7/8/00,39,0,22,39,Re-Entry,7/8/00,19,20,22,19,1
TLC,Waterfalls,12/16/95,2,27,26,29,-2,12/2/95,4,45,26,48,-3
JoJo,Anything,5/26/07,38,39,2,38,1,6/11/11,31,44,18,48,-4
New Boyz Featuring Ray J,Tie Me Down,4/24/10,23,31,13,39,-8,1/30/10,42,51,19,50,1
Willow,Whip My Hair,1/1/11,28,31,6,33,-2,1/29/11,5,22,19,37,-15
Sixpence None The Richer,There She Goes,12/18/99,13,35,17,40,-5,8/25/01,10,46,19,48,-2
"Jay-Z, Rihanna & Kanye West",Run This Town,1/16/10,8,39,19,37,2,12/19/09,3,40,20,42,-2
Lil Wayne Featuring T-Pain,Got Money,11/29/08,33,39,9,39,0,12/20/08,7,35,30,43,-8
50 Cent Featuring Nate Dogg,21 Questions,8/23/03,6,32,15,40,-8,9/13/03,1,48,28,49,-1
Mariah Carey,Bye Bye,7/12/08,18,23,10,27,-4,6/28/08,33,34,9,41,-7
Justin Bieber Featuring Ludacris,Baby,5/15/10,38,35,14,40,-5,10/11/08,48,33,16,41,-8
Jet,Look What You've Done,4/30/05,24,31,8,37,-6,12/2/95,42,42,20,42,0
Prince,Letitgo,10/22/94,17,21,8,31,-10,11/5/94,10,39,15,48,-9
Michelle Branch,Breathe,2/7/04,36,30,16,36,-6,1/29/05,4,23,20,35,-12
Mike Posner,Please Don't Go,2/19/11,19,21,20,22,-1,12/1/07,16,36,55,43,-7
Mariah Carey,You're Mine (Eternal),4/19/14,36,37,4,39,-2,6/14/14,24,0,5,47,Re-Entry
Bone Thugs-N-Harmony,Tha Crossroads,10/19/96,18,0,18,40,Re-Entry,9/7/96,1,42,20,49,-7
Shai,Comforter,5/8/93,31,34,5,34,0,7/24/93,4,40,27,48,-8
Jess Glynne,Hold My Hand,11/28/15,38,28,12,30,-2,1/29/11,33,42,10,45,-3
Beyonce,Countdown,12/10/11,38,38,3,40,-2,3/31/12,12,39,40,47,-8
John Mellencamp,Just Another Day,3/29/97,27,33,13,37,-4,4/30/94,37,47,13,50,-3
Flo Rida Featuring Sage The Gemini & Lookas,G.D.F.R.,7/4/15,8,25,20,25,0,6/13/15,3,7,32,10,-3
Big Sean Featuring E-40,I Don't F**k With You,2/21/15,27,36,12,39,-3,4/4/15,1,11,26,12,-1
Pink,So What,1/31/09,15,15,22,20,-5,9/30/06,4,26,26,29,-3
Madonna Featuring Justin Timberlake,4 Minutes,8/16/08,5,37,20,39,-2,7/8/06,9,33,23,42,-9
Sisqo,Thong Song,9/23/00,4,36,25,38,-2,7/22/00,2,44,30,45,-1
Eminem,My Name Is,5/1/99,29,35,7,40,-5,4/17/99,18,28,13,35,-7
Janet Jackson,If,1/22/94,2,30,26,36,-6,2/5/94,3,49,30,48,1
Natalie La Rose Featuring Jeremih,Somebody,6/13/15,3,11,20,13,-2,7/18/15,5,12,26,16,-4
Drake Featuring Majid Jordan,"Hold On, We're Going Home",1/18/14,4,15,20,18,-3,3/8/14,1,9,29,10,-1
Kendrick Lamar,i,11/29/14,31,31,6,34,-3,2/21/15,11,45,20,45,0
Destiny s Child,"Jumpin , Jumpin",12/16/00,1,24,25,29,-5,11/18/00,8,39,28,47,-8
Rihanna,Needed Me,11/5/16,16,35,20,33,2,11/19/16,1,9,40,10,-1
50 Cent Featuring Eminem & Adam Levine,My Life,1/26/13,39,0,1,39,New,2/2/13,15,39,8,47,-8
Kanye West,Heartless,5/2/09,4,21,20,24,-3,5/2/09,4,35,27,46,-11
Macklemore & Ryan Lewis Featuring Ray Dalton,Can't Hold Us,8/24/13,1,13,21,13,0,11/30/13,1,18,52,15,3
Nicki Minaj,Super Bass,11/5/11,3,13,24,15,-2,10/22/11,6,30,22,43,-13
Mya,My Love Is Like... Wo,11/22/03,8,29,14,37,-8,9/20/03,17,29,14,36,-7
Migos Featuring Lil Uzi Vert,Bad And Boujee,3/18/17,31,31,6,33,-2,3/18/17,1,1,17,1,0
"Nelly Featuring Kyjuan, Ali & Murphy Lee",Air Force Ones,3/22/03,10,31,17,37,-6,4/12/03,28,37,28,43,-6
Trina Featuring Kelly Rowland,Here We Go,3/11/06,20,40,15,39,1,2/18/06,34,36,22,42,-6
Sean Paul,We Be Burnin',3/4/06,9,37,20,34,3,2/4/06,17,40,26,39,1
Usher,Climax,5/5/12,36,36,3,37,-1,10/13/12,1,20,33,24,-4
Janet,Someone To Call My Lover,12/22/01,3,40,26,39,1,10/6/01,11,33,15,44,-11
Kanye West,Fade,12/17/16,23,30,10,37,-7,12/17/16,12,29,13,45,-16
Mario,Just A Friend 2002,10/26/02,6,34,16,39,-5,10/12/02,4,23,24,30,-7
Nicki Minaj,Anaconda,11/8/14,21,23,11,32,-9,2/14/15,1,16,26,20,-4
Usher,Numb,11/24/12,39,25,9,34,-9,9/6/14,42,44,12,49,-5
Machine Gun Kelly x Camila Cabello,Bad Things,3/18/17,1,4,19,5,-1,3/18/17,2,5,20,8,-3
Trey Lorenz,Someone To Hold,12/5/92,21,30,9,35,-5,1/2/93,5,46,20,46,0
Mariah Carey,Honey,11/29/97,10,38,16,39,-1,6/28/08,44,45,30,47,-2
Fat Joe Featuring Nelly,Get It Poppin',11/26/05,7,31,23,33,-2,8/20/05,17,37,13,46,-9
Nicki Minaj Featuring Drake & Lil Wayne,Truffle Butter,5/16/15,25,38,13,40,-2,7/11/15,4,20,25,23,-3
Usher Featuring Jay-Z,Hot Tottie,12/4/10,27,35,10,40,-5,12/25/10,9,40,20,45,-5
Calvin Harris Featuring Ne-Yo,Let's Go,10/6/12,10,19,20,23,-4,2/12/05,10,39,22,50,-11
Bobby Brown,Good Enough,3/20/93,5,40,22,39,1,4/18/15,33,46,6,50,-4
Flo Rida Featuring T-Pain,Low,6/14/08,14,16,30,19,-3,11/22/14,44,46,5,48,-2
50 Cent Featuring Mobb Deep,Outta Control (Remix),10/22/05,28,30,9,34,-4,10/22/05,11,31,15,50,-19
Sean Kingston Featuring Chris Brown & Wiz Khalifa,Beat It,7/27/13,33,35,7,39,-4,9/14/13,30,33,20,34,-1
Ashanti,Rock Wit U (Awww Baby),10/18/03,5,30,20,34,-4,9/13/03,4,42,20,45,-3
Janet Jackson,That s The Way Love Goes,10/2/93,1,31,23,37,-6,10/30/93,32,43,27,44,-1
Eminem Featuring Rihanna,Love The Way You Lie,11/27/10,1,17,21,18,-1,11/27/10,7,39,17,44,-5
Zhane,Hey Mr. D.J.,2/5/94,16,0,13,39,Re-Entry,2/26/94,3,48,29,50,-2
Kanye West,Stronger,1/26/08,17,18,25,20,-2,10/20/07,30,30,7,40,-10
Zhane,Shame,1/21/95,38,0,3,40,Re-Entry,8/15/15,32,35,4,44,-9
3LW Featuring P. Diddy & Loon,I Do (Wanna Get Close To You),11/2/02,26,26,9,37,-11,9/14/02,50,53,11,50,3
Beyonce Featuring Jay Z,Drunk In Love,5/3/14,13,33,12,38,-5,6/21/14,2,19,25,25,-6
Prince,1999,1/16/99,36,0,1,36,Hot Shot Debut,5/14/16,45,17,22,15,2
Mary J. Blige Featuring Ja Rule,Rainy Dayz,7/27/02,22,28,9,40,-12,8/17/02,8,42,27,42,0
Rihanna Featuring Ne-Yo,Hate That I Love You,3/1/08,3,18,24,20,-2,2/23/08,20,35,21,43,-8
Mariah Carey,Touch My Body,7/12/08,7,27,20,28,-1,7/26/08,2,32,23,46,-14
Usher,Caught Up,7/16/05,2,34,26,33,1,4/30/05,13,44,36,48,-4
Mariah Carey Featuring Cameo,Loverboy,8/4/01,37,37,2,38,-1,9/15/01,44,37,14,37,0
Soul For Real,Candy Rain,7/8/95,20,35,13,38,-3,7/8/95,1,46,32,42,4
Freak Nasty,Da' Dip,6/21/97,31,33,12,31,2,6/21/97,16,28,39,31,-3
Sick Puppies,Maybe,3/5/11,22,32,16,37,-5,1/17/15,32,0,10,50,Re-Entry
En Vogue,"Give It Up, Turn It Loose",4/24/93,10,37,18,40,-3,3/27/93,16,36,20,43,-7
Rihanna,Kiss It Better,6/4/16,24,27,7,35,-8,7/9/16,21,28,20,32,-4
Sean Paul Featuring Sasha,I'm Still In Love With You,6/26/04,17,31,10,39,-8,6/5/04,13,47,30,46,1
T.I.,What You Know,6/17/06,39,40,2,39,1,8/26/06,1,46,28,49,-3
Drake,Headlines,2/25/12,17,31,16,35,-4,3/10/12,2,48,31,48,0
B2K,Uh Huh,6/15/02,21,29,9,33,-4,4/20/02,20,44,24,47,-3
Eminem,Superman,5/3/03,10,31,14,40,-9,4/12/03,44,49,11,46,3
Rihanna,Unfaithful,9/23/06,2,18,20,19,-1,9/23/06,18,58,12,47,11
Eminem Featuring Dr. Dre & 50 Cent,Encore,2/12/05,19,32,10,35,-3,12/11/04,48,53,5,48,5
Kid Cudi,Day 'N' Nite,7/11/09,16,25,20,24,1,7/25/09,5,40,21,45,-5
Taylor Swift,Shake It Off,1/17/15,1,16,20,17,-1,3/18/06,2,47,35,37,10
Rihanna Featuring Jay-Z,Talk That Talk,5/12/12,26,35,9,36,-1,4/21/12,12,39,21,50,-11
Nicki Minaj Featuring Drake,Moment 4 Life,6/4/11,18,32,11,40,-8,7/16/11,1,39,32,47,-8
Trey Songz Featuring Fabolous,Say Aah,7/3/10,16,37,19,37,0,7/24/10,12,42,43,49,-7
Santana Featuring The Product G,Maria Maria,7/29/00,22,34,26,34,0,9/9/00,23,50,32,49,1
Pharrell Williams,Happy,6/21/14,37,16,20,17,-1,11/1/14,6,8,42,9,-1
Toni Braxton,He Wasn't Man Enough,7/8/00,23,29,26,23,6,7/8/00,8,8,27,14,-6
Vanessa Williams,The Sweetest Days,3/18/95,22,31,17,36,-5,1/21/95,40,52,17,47,5
Lil' Flip Featuring Lea,Sunshine,12/4/04,6,32,18,36,-4,11/6/04,37,39,22,46,-7
R. Kelly,Ignition,9/13/03,1,31,26,33,-2,7/5/03,2,34,36,45,-11
Lenny Kravitz,Again,5/26/01,2,14,28,18,-4,2/20/16,12,14,26,16,-2
3LW,No More (Baby I'ma Do Right),5/26/01,12,36,17,40,-4,3/3/01,22,34,23,40,-6
Wreckx-N-Effect,Rump Shaker,2/13/93,38,40,4,38,2,3/27/93,2,50,27,49,1
Lloyd Featuring Lil' Wayne,You,4/28/07,21,35,12,38,-3,6/16/07,11,41,48,44,-3
Kid Cudi Featuring Kanye West & Common,Make Her Say,9/26/09,39,39,2,40,-1,9/19/09,39,44,11,49,-5
New Kids On The Block,Summertime,8/23/08,18,30,13,35,-5,10/18/03,35,38,13,48,-10
Nina Sky Featuring Jabba,Move Ya Body,11/20/04,5,33,22,36,-3,9/4/04,14,43,25,46,-3
Jay-Z,99 Problems,7/17/04,37,37,3,38,-1,7/17/04,26,48,13,49,-1
Mariah Carey & Boyz II Men,One Sweet Day,5/4/96,1,32,26,33,-1,5/4/96,2,45,23,49,-4
Shakira Featuring Lil Wayne,Give It Up To Me,1/23/10,23,29,11,35,-6,6/17/06,36,65,4,36,29
T.I.,Whatever You Like,2/14/09,3,19,21,19,0,3/28/09,1,45,35,50,-5
General Public,I ll Take You There,8/13/94,9,36,19,39,-3,1/11/92,2,30,22,34,-4
Jay-Z,Change Clothes,1/31/04,33,33,6,36,-3,3/6/04,6,44,18,47,-3
Ying Yang Twins Featuring Mike Jones & Mr. ColliPark,Badd,10/15/05,36,37,4,40,-3,10/29/05,16,35,17,44,-9
Eminem Featuring Dido,Stan,12/30/00,33,33,5,34,-1,12/2/00,36,39,9,45,-6
Owl City & Carly Rae Jepsen,Good Time,12/1/12,4,13,21,14,-1,11/9/91,27,27,11,32,-5
J. Cole Featuring Miguel,Power Trip,7/20/13,35,35,4,38,-3,11/2/13,5,23,36,24,-1
Cherish Featuring Sean Paul Of The YoungBloodZ,Do It To It,11/11/06,6,24,20,24,0,9/2/06,10,28,22,41,-13
Jamie Foxx Featuring T-Pain,Blame It,8/1/09,3,22,20,25,-3,11/14/09,1,48,47,46,2
"Missy Misdemeanor"" Elliott""",Work It,3/15/03,3,36,21,37,-1,2/21/15,1,0,30,12,Re-Entry
Ray J & Yung Berg,Sexy Can I,8/9/08,2,15,20,19,-4,7/19/08,4,46,26,47,-1
"Missy Misdemeanor"" Elliott""",One Minute Man,12/22/01,30,37,10,36,1,11/17/01,31,39,24,41,-2
SoulDecision Featuring Thrust,Faded,1/27/01,6,18,30,20,-2,7/7/12,19,31,19,50,-19
"DJ Khaled Featuring Nicki Minaj, Chris Brown, August Alsina, Jeremih, Future & Rick Ross",Do You Mind,2/4/17,32,36,6,37,-1,1/28/17,9,22,24,25,-3
The-Dream,Shawty Is A 10,12/15/07,38,40,3,38,2,2/16/08,6,45,31,47,-2
Drake,Hotline Bling,2/13/16,2,22,20,22,0,4/2/16,1,10,33,9,1
Justin Timberlake,SexyBack,1/13/07,1,20,26,19,1,11/25/06,11,28,12,50,-22
Jessie J,Masterpiece,3/28/15,30,30,7,38,-8,5/2/92,3,20,16,33,-13
Mandy Moore,Candy,3/25/00,27,33,15,38,-5,9/22/01,48,48,5,48,0
Pras Michel Feat. Ol  Dirty Bastard,Ghetto Supastar (That Is What You Are),11/7/98,23,37,18,38,-1,10/10/98,39,46,20,47,-1
Shontelle,T-Shirt,1/17/09,15,35,20,35,0,3/18/17,11,13,7,12,1
Alicia Keys,If I Ain't Got You,11/27/04,9,24,26,28,-4,2/19/05,1,40,56,43,-3
Huey,"Pop, Lock & Drop It",8/11/07,27,34,9,40,-6,8/18/07,6,45,33,50,-5
Jennifer Lopez,Love Don't Cost A Thing,6/2/01,1,38,26,40,-2,3/17/01,40,72,12,40,32
50 Cent,Disco Inferno,7/16/05,8,28,26,29,-1,5/14/05,4,46,23,47,-1
Chingy Featuring Ludacris & Snoop Dogg,Holidae In,2/21/04,13,30,14,36,-6,2/14/04,2,40,24,42,-2
Cassidy Featuring R. Kelly,Hotel,6/19/04,10,36,16,38,-2,4/18/15,30,44,10,45,-1
D12,My Band,7/24/04,36,35,18,36,-1,6/19/04,26,32,14,41,-9
Mariah Carey,Always Be My Baby,8/24/96,3,23,26,23,0,8/31/96,1,42,22,46,-4
SWV,Weak,10/16/93,2,39,20,40,-1,10/2/93,1,39,24,48,-9
Brandy,Almost Doesn t Count,9/4/99,15,35,18,37,-2,8/21/99,16,36,20,39,-3
Busta Rhymes Featuring Janet,What s It Gonna Be?!,6/5/99,40,0,1,40,Hot Shot Debut,7/24/99,1,40,26,43,-3
Cash Cash Featuring Bebe Rexha,Take Me Home,5/3/14,14,27,17,37,-10,2/12/05,22,55,21,49,6
Hilary Duff,All About You,11/1/14,38,40,2,38,2,9/28/91,28,28,13,45,-17
Mims,This Is Why I'm Hot,6/23/07,11,38,17,37,1,6/9/07,2,44,23,38,6
Chad Kroeger Featuring Josey Scott,Hero,11/23/02,2,38,26,38,0,3/5/94,5,41,20,48,-7
PARTYNEXTDOOR,Not Nice,3/18/17,34,35,4,34,1,3/18/17,30,34,10,38,-4
Fergie,Finally,4/26/08,34,34,4,40,-6,2/1/92,26,28,16,38,-10
Ginuwine,Differences,2/23/02,14,30,16,37,-7,3/23/02,1,41,39,47,-6
Blaque,Bring It All To Me,5/6/00,6,17,26,19,-2,4/1/00,15,40,27,42,-2
Mariah Carey Featuring Miguel,#Beautiful,8/3/13,15,26,11,35,-9,9/28/13,3,39,20,46,-7
Cassie,Me & U,10/21/06,3,16,24,18,-2,10/14/06,1,39,23,50,-11
Whitney Houston,"I Have Nothing (From The Bodyguard"")""",7/3/93,3,35,17,40,-5,7/3/93,4,39,20,45,-6
Babyface,When Can I See You,12/31/94,4,23,26,26,-3,12/10/94,6,46,27,50,-4
Whitney Houston,My Love Is Your Love,5/6/00,10,0,24,40,Re-Entry,2/5/00,2,42,29,44,-2
Jeremih Featuring YG,Don't Tell 'Em,12/27/14,5,19,20,19,0,1/31/15,2,9,32,10,-1
Eminem,Just Lose It,2/5/05,5,35,18,40,-5,11/13/04,35,45,6,45,0
J. Cole,Work Out,3/31/12,31,29,20,31,-2,3/24/12,10,44,34,40,4
Alicia Keys,Like You'll Never See Me Again,5/3/08,25,35,11,40,-5,9/13/08,1,46,45,46,0
50 Cent,Just A Lil Bit,10/1/05,9,37,19,40,-3,8/20/05,3,44,23,49,-5
"Janet Featuring Missy Elliott, P. Diddy & Carly Simon",Son Of A Gun,2/9/02,20,33,10,39,-6,1/26/02,42,34,13,43,-9
"N.O.R.E. Featuring Daddy Yankee, Nina Sky, Gem Star & Big Mato",Oye Mi Canto,12/25/04,19,27,8,34,-7,1/15/05,50,43,24,44,-1
Plies Featuring T-Pain,Shawty,11/3/07,28,30,10,37,-7,2/16/08,2,41,40,44,-3
B.o.B Featuring Priscilla,John Doe,5/24/14,29,39,10,40,-1,5/24/14,32,27,10,36,-9
Kent Jones,Don't Mind,9/17/16,8,36,16,37,-1,10/8/16,35,17,22,23,-6
R. Kelly,I m Your Angel,2/27/99,17,31,16,37,-6,2/13/99,5,37,20,42,-5
David Banner Featuring Chris Brown,Get Like Me,9/6/08,39,0,2,39,Re-Entry,9/21/13,36,0,3,48,Re-Entry
Ashlee Simpson,Pieces Of Me,12/4/04,1,22,26,27,-5,11/19/11,19,42,31,49,-7
Creed,Rain,2/6/10,34,36,9,40,-4,6/27/98,7,45,20,41,4
Gloria Estefan,Everlasting Love,4/22/95,28,37,9,40,-3,4/11/92,6,35,25,50,-15
Avril Lavigne,Girlfriend,8/11/07,13,21,20,23,-2,2/23/08,23,33,15,36,-3
Frankie J Featuring Mannie Fresh & Chamillionaire,That Girl,12/2/06,23,39,17,38,1,4/13/13,36,36,2,42,-6
Michael Jackson,Who Is It,7/3/93,6,24,13,27,-3,6/26/93,6,35,20,43,-8
LL Cool J Featuring 7 Aurelius,Hush,12/18/04,26,32,6,38,-6,1/22/05,14,37,20,45,-8
"Cam'ron Featuring Juelz Santana, Freekey Zekey & Toya",Hey Ma,3/8/03,6,38,23,39,-1,1/18/03,7,50,25,49,1
Ellie Goulding,Burn,4/12/14,3,12,24,13,-1,10/2/04,26,45,30,44,1
twenty one pilots,Ride,10/29/16,1,12,26,15,-3,5/10/14,27,26,20,28,-2
Usher,Nice & Slow,4/11/98,26,28,18,26,2,4/11/98,1,6,33,7,-1
Puff Daddy & Faith Evans Featuring 112,I'll Be Missing You,12/27/97,11,36,26,34,2,1/24/98,1,44,33,46,-2
Somethin' For The People Featuring Trina & Tamara,My Love Is The Shhh!,3/7/98,27,38,15,39,-1,3/21/98,2,42,30,49,-7
Chris Brown,With You,6/7/08,1,18,23,20,-2,8/6/16,34,39,12,45,-6
Rihanna,Love On The Brain,3/18/17,3,3,20,3,0,3/18/17,3,3,24,3,0
Eminem,Cleanin' Out My Closet,11/9/02,7,30,14,36,-6,11/16/02,11,31,16,42,-11
matchbox 20,Push,2/14/98,3,18,31,19,-1,2/13/93,31,50,14,48,2
Sam Hunt,Take Your Time,8/8/15,27,34,9,39,-5,3/1/97,50,50,12,50,0
David Guetta Featuring Usher,Without You,2/25/12,22,13,24,14,-1,12/16/00,26,26,19,44,-18
Toni Braxton,Breathe Again,5/7/94,2,35,25,39,-4,3/26/94,4,39,24,44,-5
Nelly,#1,3/30/02,13,36,18,40,-4,1/12/02,20,51,18,50,1
Zay Hilfigerrr & Zayion McCall,Juju On That Beat (TZ Anthem),12/24/16,30,30,6,35,-5,3/11/17,3,17,23,22,-5
Ginuwine,Pony,4/12/97,28,35,17,37,-2,4/19/97,1,49,33,50,-1
Chingy Featuring Tyrese,Pullin' Me Back,11/18/06,16,30,12,39,-9,12/23/06,1,41,30,48,-7
Ciara,Like A Boy,9/1/07,18,37,17,38,-1,7/7/07,6,41,19,43,-2
One Direction,Little Things,2/23/13,18,27,11,36,-9,2/1/03,33,50,22,50,0
Babyface,And Our Feelings,5/14/94,29,31,8,35,-4,6/18/94,8,37,20,45,-8
Busta Rhymes & Mariah Carey Featuring The Flipmode Squad,I Know What You Want,8/30/03,4,30,17,38,-8,8/16/03,38,45,29,47,-2
Destiny's Child,"Jumpin', Jumpin'",12/23/00,27,29,26,34,-5,7/8/00,44,45,28,44,1
Young Money,Every Girl,8/29/09,40,0,1,40,New,11/7/09,2,46,29,44,2
Staind,Right Here,7/1/06,9,20,26,20,0,4/20/13,36,40,5,47,-7
2 Pistols Featuring T-Pain & Tay Dizm,She Got It,7/19/08,28,31,10,37,-6,7/26/08,9,34,26,47,-13
Kirko Bangz,Drank In My Cup,7/21/12,28,36,10,38,-2,9/15/12,5,47,55,49,-2
"Missy Misdemeanor"" Elliott Featuring Ludacris""",Gossip Folks,5/10/03,8,26,13,35,-9,5/3/03,5,41,20,48,-7
SWV,You're The One,7/6/96,34,34,4,40,-6,9/4/10,43,47,38,49,-2
Saving Jane,Girl Next Door,4/29/06,21,21,20,28,-7,10/20/01,34,36,22,43,-7
Lenny Kravitz,Lady,3/5/05,26,28,12,38,-10,8/24/96,2,41,26,50,-9
Ja Rule Featuring Lil' Mo & Vita,Put It On Me,7/7/01,24,36,15,38,-2,6/16/01,24,41,30,47,-6
Blessid Union Of Souls,Let Me Be The One,2/3/96,14,22,26,27,-5,10/2/93,23,37,20,42,-5
All-4-One,I Swear,10/1/94,1,34,23,39,-5,8/27/94,13,37,20,44,-7
MKTO,Thank You,5/18/13,38,40,2,38,2,10/13/12,47,49,51,48,1
Ne-Yo,Because Of You,7/21/07,17,37,18,38,-1,8/18/07,7,40,27,49,-9
Jeremih Featuring 50 Cent,Down On Me,7/23/11,8,27,20,29,-2,8/27/11,7,46,44,49,-3
En Vogue,Love Don t Love You,6/19/93,28,33,11,38,-5,5/29/93,31,35,13,50,-15
P.M. Dawn,"I d Die Without You (From Boomerang"")""",4/3/93,2,38,27,39,-1,1/23/93,16,31,20,50,-19
Murphy Lee Featuring Jermaine Dupri,Wat Da Hook Gon Be,4/3/04,29,0,12,38,Re-Entry,2/28/04,11,45,27,47,-2
The Weeknd Featuring Daft Punk,I Feel It Coming,3/18/17,4,5,14,4,1,3/18/17,5,6,15,6,0
Lil Wayne Featuring Static Major,Lollipop,9/6/08,5,25,20,24,1,9/20/08,1,37,26,49,-12
Coldplay,Paradise,6/30/12,35,35,9,35,0,3/28/15,34,43,3,44,-1
DJ Snake Featuring Justin Bieber,Let Me Love You,2/4/17,2,8,23,12,-4,7/30/05,37,33,43,44,-11
Wiz Khalifa Featuring Charlie Puth,See You Again,9/5/15,4,15,20,17,-2,10/10/15,1,10,29,10,0
Tracy Chapman,Give Me One Reason,10/12/96,2,19,29,20,-1,9/21/96,35,48,20,48,0
Teddy Geiger,These Walls,9/30/06,34,34,4,36,-2,4/4/15,34,0,1,34,New
Kanye West Featuring Syleena Johnson,All Falls Down,7/3/04,22,22,7,31,-9,8/28/04,4,44,28,49,-5
Justin Timberlake Featuring Jay Z,Suit & Tie,6/15/13,4,24,20,26,-2,10/5/13,2,20,37,21,-1
Hurricane Chris,A Bay Bay,9/22/07,25,30,8,39,-9,9/22/07,48,36,22,44,-8
Garbage,Special,6/19/99,18,32,15,40,-8,9/28/91,2,22,20,35,-13
Akon Featuring Styles P.,Locked Up,11/20/04,29,30,6,32,-2,12/25/04,6,40,36,46,-6
Goo Goo Dolls,Slide,7/10/99,1,17,39,19,-2,3/18/17,36,0,1,13,Hot Shot Debut
Khia Featuring DSD,"My Neck, My Back",8/31/02,36,36,4,37,-1,8/24/02,20,32,16,44,-12
R. Kelly,I Can't Sleep Baby (If I),12/28/96,17,35,24,38,-3,12/21/96,1,47,24,47,0
Will Smith,Gettin  Jiggy Wit It,7/18/98,5,14,29,15,-1,4/25/98,44,44,20,45,-1
City High Featuring Eve,Caramel,4/13/02,12,34,18,37,-3,2/9/02,9,39,21,45,-6
Bruno Mars,24K Magic,3/4/17,5,17,20,20,-3,3/18/17,3,8,15,10,-2
The-Dream,I Luv Your Girl,9/13/08,39,0,1,39,New,10/18/08,3,36,32,43,-7
Menudo,Lost,8/30/08,36,37,5,36,1,4/4/09,35,40,35,48,-8
Justin Timberlake,Rock Your Body,9/13/03,1,33,26,36,-3,5/17/03,45,45,6,45,0
Justin Timberlake,TKO,2/15/14,12,0,18,40,Re-Entry,2/15/14,9,30,20,31,-1
R. Kelly Or Bow Wow (Featuring T.I. & T-Pain),I'm A Flirt,6/9/07,38,38,2,39,-1,7/28/07,33,35,27,47,-12
Darren Hayes,Insatiable,4/6/02,27,28,8,30,-2,2/22/92,3,29,17,45,-16
Ne-Yo,Miss Independent,2/21/09,10,30,20,31,-1,5/9/09,1,40,40,42,-2
Fefe Dobson,Everything,3/20/04,39,40,2,39,1,4/25/98,5,49,31,49,0
Lindsay Lohan,Over,3/5/05,39,0,1,39,New,9/25/10,2,47,28,49,-2
Nelly Featuring Jaheim,My Place,11/6/04,9,0,14,40,Re-Entry,1/22/05,4,48,27,50,-2
Drake Featuring Lil Wayne,The Motto,7/7/12,25,33,17,37,-4,8/18/12,1,39,40,47,-8
Sean Kingston,Beautiful Girls,10/20/07,2,23,20,24,-1,9/22/07,12,27,13,41,-14
Jonn Hart Featuring IamSU!,Who Booty,3/9/13,33,31,9,35,-4,3/30/13,34,24,20,29,-5
B.o.B Featuring Rivers Cuomo,Magic,11/20/10,12,34,18,37,-3,6/9/12,27,44,37,49,-5
Ne-Yo,So Sick,5/13/06,1,22,20,24,-2,6/24/06,3,46,32,48,-2
Lil' Kim Featuring 50 Cent,Magic Stick,10/18/03,7,35,18,40,-5,9/27/03,2,45,26,45,0
Jordin Sparks Duet With Chris Brown,No Air,7/26/08,2,16,25,19,-3,8/9/08,4,43,21,47,-4
Enrique Iglesias Featuring Pitbull,I Like It,11/27/10,25,11,25,15,-4,6/1/13,48,49,5,50,-1
Ludacris Featuring Nicki Minaj,My Chick Bad,5/22/10,39,0,1,39,New,8/28/10,2,38,27,44,-6
Jason Derulo Featuring 2 Chainz,Talk Dirty,6/21/14,1,10,22,13,-3,8/2/14,2,8,33,7,1
Sean Paul,Temperature,8/5/06,1,18,24,20,-2,6/10/06,5,34,25,46,-12
"Shaggy Featuring Ricardo RikRok"" Ducent""",It Wasn t Me,12/16/00,4,8,6,4,4,5/27/00,44,49,12,48,1
Justin Timberlake Featuring T.I.,My Love,3/17/07,1,18,27,20,-2,5/9/09,36,36,9,46,-10
Mary J. Blige,Be Without You,6/17/06,1,16,20,18,-2,4/14/07,1,40,75,45,-5
Jordan Knight,Give It To You,7/24/99,13,32,15,39,-7,3/20/93,48,50,12,48,2
Tevin Campbell,I m Ready,7/23/94,13,32,17,40,-8,8/20/94,2,37,26,46,-9
Dr. Dre Featuring Eminem,Forgot About Dre,5/20/00,32,32,5,38,-6,4/29/00,14,28,20,32,-4
Drake Featuring Rihanna,Take Care,6/16/12,8,23,20,23,0,6/23/12,26,35,30,47,-12
T.I. Featuring Rihanna,Live Your Life,3/28/09,1,20,22,20,0,4/11/09,2,45,29,47,-2
R. Kelly,The World's Greatest,3/23/02,24,38,12,39,-1,3/2/02,31,44,14,42,2
Naughty By Nature Featuring 3LW,Feels Good (Don't Worry Bout A Thing),8/31/02,34,37,5,34,3,6/15/02,25,41,14,43,-2
The Weeknd Featuring Daft Punk,Starboy,2/25/17,3,13,21,13,0,3/18/17,1,10,24,11,-1
Macklemore & Ryan Lewis Featuring Wanz,Thrift Shop,5/25/13,1,10,22,14,-4,10/26/13,1,18,54,21,-3
Jim Jones,We Fly High,3/17/07,32,36,8,39,-3,3/24/07,4,39,30,48,-9
Collective Soul,Shine,11/26/94,4,18,26,22,-4,11/19/16,46,0,1,46,New
Beyonce Featuring Sean Paul,Baby Boy,2/28/04,1,27,26,28,-1,2/14/04,1,47,33,46,1
Bow Wow Featuring Chris Brown & Johnta Austin,Shortie Like Mine,4/7/07,18,35,19,37,-2,3/3/07,2,42,23,49,-7
Big Sean Featuring Chris Brown,My Last,8/13/11,40,0,1,40,New,11/19/11,4,38,38,44,-6
Jonas Brothers,Paranoid,8/1/09,34,29,9,35,-6,5/31/14,9,17,26,18,-1
V.I.C.,Get Silly,8/16/08,36,38,4,38,0,8/16/08,13,40,20,49,-9
Hi-Five,She s Playing Hard To Get,11/21/92,10,28,8,35,-7,12/5/92,2,33,20,42,-9
Deborah Cox,Nobody s Supposed To Be Here,4/3/99,32,33,7,36,-3,5/15/99,1,45,33,48,-3
D4L,Laffy Taffy,3/11/06,14,36,16,36,0,3/4/06,15,42,29,46,-4
Aaliyah,Miss You,5/31/03,10,30,15,38,-8,7/26/03,1,50,37,41,9
Chris Brown,Fine China,6/29/13,29,29,7,32,-3,8/31/13,10,37,20,45,-8
Selena Gomez,Slow Down,1/18/14,7,26,20,29,-3,10/20/12,45,60,22,45,15
Kanye West Featuring Jamie Foxx,Gold Digger,2/25/06,1,18,24,19,-1,2/18/06,14,43,32,45,-2
Blu Cantrell,Hit 'Em Up Style (Oops!),1/12/02,1,26,26,24,2,8/25/01,6,34,21,49,-15
Tinashe Featuring Chris Brown,Player,1/30/16,34,39,6,40,-1,1/30/16,39,39,11,45,-6
Ariana Grande Featuring Mac Miller,The Way,8/31/13,12,35,20,31,4,12/1/01,15,42,30,50,-8
Shai,Baby I m Yours,11/6/93,12,18,23,20,-2,10/30/93,19,33,24,45,-12
Beyonce,Sweet Dreams,2/6/10,5,16,27,20,-4,12/26/09,48,72,13,49,23
Destiny's Child Featuring T.I. & Lil Wayne,Soldier,5/21/05,4,39,25,39,0,1/3/15,22,0,1,22,New
Jennifer Lopez,Get Right,3/12/05,18,27,8,38,-11,4/23/05,38,54,14,47,7
Eminem,Without Me,10/12/02,1,32,22,36,-4,10/12/13,26,40,20,49,-9
Ludacris Featuring Mary J. Blige,Runaway Love,5/5/07,19,35,17,38,-3,4/14/07,15,35,22,43,-8
Drake,Fake Love,3/18/17,16,18,13,23,-5,3/18/17,4,7,19,9,-2
Zedd Featuring Hayley Williams,Stay The Night,3/8/14,6,19,20,25,-6,1/15/00,20,43,20,48,-5
Ludacris,Roll Out (My Business),4/27/02,23,26,9,33,-7,3/30/02,7,31,23,44,-13
Jay Z Featuring Justin Timberlake,Holy Grail,11/30/13,32,10,20,16,-6,1/18/14,35,8,27,9,-1
Fergie Featuring Ludacris,Glamorous,7/14/07,2,17,24,19,-2,6/16/07,41,61,11,48,13
Rob Thomas,Someday,5/1/10,30,34,9,36,-2,4/13/91,3,18,16,35,-17
Macy Gray,I Try,8/12/00,1,20,26,21,-1,7/6/91,13,13,17,39,-26
Rihanna,Pon de Replay,11/26/05,2,20,23,22,-2,10/8/05,24,28,18,47,-19
Arrested Development,Mr. Wendal,6/19/93,10,35,21,39,-4,5/22/93,6,34,23,42,-8
TLC,Creep,6/17/95,39,33,26,34,-1,6/3/95,1,39,30,43,-4
David Guetta Featuring Sam Martin,Dangerous,1/24/15,23,28,14,35,-7,9/20/08,50,57,16,50,7
Akon,Angel,12/4/10,31,32,7,34,-2,10/3/15,46,46,3,50,-4
Robin Thicke Featuring T.I. + Pharrell,Blurred Lines,10/19/13,1,10,21,11,-1,2/22/14,46,10,46,10,0
Lil Jon & The East Side Boyz Featuring Ying Yang Twins,Get Low,3/13/04,10,33,26,39,-6,5/1/04,2,48,56,49,-1
Desiigner,Panda,7/23/16,21,32,11,34,-2,10/29/16,1,9,34,10,-1
Miguel,Adorn,2/2/13,35,35,9,38,-3,6/1/13,1,22,55,22,0
Angie Martinez Featuring Lil' Mo & Sacario,If I Could Go!,2/8/03,11,34,24,39,-5,10/26/02,26,38,22,50,-12
Jennifer Lopez Featuring Fat Joe,Hold You Down,5/7/05,27,28,7,32,-4,2/14/15,47,18,25,19,-1
Theory Of A Deadman,All Or Nothing,6/26/10,40,40,2,40,0,5/28/94,33,38,19,44,-6
David Guetta Featuring Nicki Minaj,Turn Me On,5/12/12,4,13,20,16,-3,9/25/04,20,39,23,50,-11
Ludacris Featuring Pharrell,Money Maker,2/17/07,5,22,20,25,-3,1/27/07,1,43,26,48,-5
Nelly Furtado Featuring Timbaland,Promiscuous,11/18/06,1,19,27,20,-1,9/23/06,22,40,15,48,-8
Cherish,Unappreciated,2/3/07,28,29,9,32,-3,1/27/07,14,39,21,47,-8
"P. Diddy & Ginuwine Featuring Loon, Mario Winans & Tammy Ruggeri",I Need A Girl (Part Two),12/7/02,10,36,19,38,-2,11/16/02,33,38,27,49,-11
Natasha Bedingfield Featuring Sean Kingston,Love Like This,3/8/08,10,24,20,26,-2,1/1/11,31,40,29,47,-7
Michael Jackson & Justin Timberlake,Love Never Felt So Good,7/19/14,29,34,7,37,-3,9/27/14,5,23,20,25,-2
Snow,Informer,6/12/93,12,31,14,39,-8,5/15/93,10,26,21,41,-15
Ne-Yo Featuring Juicy J,She Knows,4/11/15,19,24,12,32,-8,4/18/15,24,15,26,17,-2
TLC,Diggin' On You,4/6/96,5,35,24,39,-4,3/16/96,7,43,20,49,-6
Alicia Keys,No One,4/12/08,1,18,23,19,-1,5/31/08,1,48,39,48,0
Mims,Like This,10/27/07,24,0,11,40,Re-Entry,9/29/07,7,49,29,50,-1
Debelah Morgan,Dance With Me,2/24/01,8,30,26,29,1,12/8/01,27,34,23,45,-11
Alicia Keys Featuring Nicki Minaj,Girl On Fire,4/13/13,10,34,20,37,-3,5/18/13,2,22,36,25,-3
Black Eyed Peas,Shut Up,12/6/03,30,32,6,40,-8,7/29/00,25,37,20,37,0
Iggy Azalea Featuring Jennifer Hudson,Trouble,5/2/15,34,34,7,37,-3,6/6/15,34,47,10,49,-2
Mary J. Blige,Real Love,2/20/93,8,35,18,37,-2,5/19/12,32,41,31,44,-3
Belly Featuring The Weeknd,Might Not,5/28/16,40,0,1,40,Hot Shot Debut,6/25/16,21,26,20,28,-2
BLACKstreet,Take Me There,4/17/99,13,37,19,39,-2,2/20/99,10,26,18,39,-13
Beyonce,Irreplaceable,4/28/07,1,19,24,20,-1,5/5/07,1,42,27,42,0
Pretty Ricky,Grind With Me,9/24/05,17,36,16,38,-2,9/3/05,43,39,23,47,-8
Usher,U Don't Have To Call,6/29/02,14,28,12,37,-9,10/12/02,2,42,43,46,-4
Backstreet Boys,The One,8/5/00,11,24,12,31,-7,10/19/13,34,50,20,50,0
After 7,Kickin  It,10/3/92,40,0,1,40,New,10/31/92,6,19,18,39,-20
Immature,Never Lie,12/17/94,32,32,4,36,-4,12/17/94,5,45,23,50,-5
M.I.A.,Paper Planes,11/29/08,10,35,14,35,0,12/13/08,36,43,12,50,-7
Sean Paul,Gimme The Light,12/28/02,26,29,5,30,-1,3/8/03,3,45,47,49,-4
Rihanna Featuring Jeezy,Hard,3/27/10,9,39,16,39,0,3/20/10,14,44,18,48,-4
Divine,Lately,5/1/99,17,31,24,34,-3,12/15/12,15,47,18,43,4
Chris Brown,Run It!,4/29/06,1,19,29,19,0,3/11/06,1,35,36,42,-7
Mis-Teeq,Scandalous,8/28/04,11,34,17,40,-6,4/20/96,49,49,9,49,0
Christina Milian Featuring Young Jeezy,Say I,6/24/06,35,35,4,35,0,6/17/06,13,17,15,41,-24
Uncle Sam,I Don t Ever Want To See You Again,5/23/98,31,38,15,40,-2,6/20/98,22,42,33,44,-2
The 1975,Girls,10/18/14,40,28,9,33,-5,4/27/13,37,37,2,49,-12
Jennifer Lopez Featuring Styles & Jadakiss,Jenny From The Block,3/15/03,23,34,22,36,-2,1/11/03,22,44,14,47,-3
J. Cole Featuring TLC,Crooked Smile,12/7/13,27,33,10,35,-2,12/21/13,7,24,26,23,1
New Hollow,She Ain't You,5/24/14,36,37,3,36,1,11/26/11,5,37,35,49,-12
Fabolous Featuring The-Dream,Throw It In The Bag,11/7/09,33,33,7,37,-4,12/19/09,4,37,30,50,-13
OneRepublic,Good Life,10/8/11,18,12,23,15,-3,4/26/08,3,42,32,49,-7
Beyonce,If I Were A Boy,3/14/09,9,36,20,39,-3,1/31/09,16,26,15,36,-10
Jessie J Featuring 2 Chainz,Burnin' Up,1/3/15,28,28,7,38,-10,11/23/02,19,34,21,49,-15
Tony Toni Tone,Anniversary,12/11/93,20,32,8,37,-5,3/12/94,2,46,26,46,0
Def Leppard,Promises,7/31/99,38,38,2,38,0,11/22/14,34,50,10,50,0
Ester Dean Featuring Chris Brown,Drop It Low,11/7/09,32,32,7,32,0,11/21/09,33,43,13,48,-5
DJ Khaled Featuring Drake,For Free,10/1/16,26,29,12,35,-6,11/19/16,4,23,22,25,-2
Soul For Real,Every Little Thing I Do,11/4/95,25,39,15,40,-1,9/9/95,11,45,20,50,-5
Tinie Tempah Featuring Wiz Khalifa,Till I'm Gone,9/10/11,37,38,4,37,1,9/3/11,49,52,10,49,3
Destiny's Child,Bootylicious,9/22/01,6,34,15,38,-4,9/15/01,2,38,17,35,3
Lil Mama,Lip Gloss,7/28/07,40,0,1,40,New,6/16/07,36,43,13,45,-2
Drake,Best I Ever Had,11/21/09,10,33,20,35,-2,11/21/09,1,42,30,44,-2
Lupe Fiasco Featuring Matthew Santos,Superstar,5/24/08,14,38,15,40,-2,4/19/08,19,26,26,34,-8
"Nelly, P. Diddy & Murphy Lee",Shake Ya Tailfeather,12/27/03,1,22,26,23,-1,11/22/03,3,40,23,39,1
George Michael,Jesus To A Child,3/9/96,20,28,7,32,-4,3/16/96,22,35,14,43,-8
TLC,Red Light Special,7/15/95,11,32,16,39,-7,7/8/95,3,48,20,50,-2
Tory Lanez,Luv,12/17/16,19,38,16,36,2,12/10/16,34,15,22,19,-4
Beyonce,Naughty Girl,10/2/04,2,35,26,37,-2,7/17/04,8,30,20,48,-18
Starley,Call On Me,3/18/17,33,26,6,26,0,12/9/06,16,40,24,45,-5
Boyz II Men,On Bended Knee,5/6/95,1,29,26,35,-6,4/29/95,2,48,24,50,-2
Lil Wayne,How To Love,11/12/11,9,27,20,26,1,1/28/12,2,48,34,50,-2
Rihanna,Rude Boy,7/17/10,1,21,20,22,-1,8/21/10,2,38,26,49,-11
Rae Sremmurd Featuring Gucci Mane,Black Beatles,3/18/17,13,33,16,38,-5,3/11/17,1,10,28,9,1
Calvin Harris & Disciples,How Deep Is Your Love,12/26/15,16,35,20,35,0,2/27/99,1,35,22,45,-10
Justin Timberlake,Cry Me A River,5/10/03,3,33,22,38,-5,5/3/03,11,43,19,50,-7
The Game Featuring 50 Cent,Hate It Or Love It,8/6/05,16,33,18,40,-7,7/9/05,1,38,25,50,-12
Adam Lambert,If I Had You,11/6/10,16,27,18,37,-10,8/23/97,46,46,14,46,0
Jamie Foxx Featuring Ludacris,Unpredictable,4/8/06,27,30,8,38,-8,7/29/06,2,44,42,50,-6
Macklemore & Ryan Lewis Featuring ScHoolboy Q & Hollis,White Walls,3/1/14,31,26,20,33,-7,3/15/14,17,19,26,24,-5
The S.O.U.L. S.Y.S.T.E.M.,It s Gonna Be A Lovely Day,1/30/93,36,36,2,38,-2,2/27/93,44,47,14,50,-3
Eminem Featuring Lil Wayne,No Love,2/12/11,20,33,12,38,-5,2/7/15,17,27,20,30,-3
Three 6 Mafia Featuring Young Buck & Eightball & MJG,Stay Fly,2/18/06,23,33,12,40,-7,2/18/06,9,35,32,39,-4
Mariah Carey,Anytime You Need A Friend,10/22/94,5,37,22,38,-1,8/13/94,22,42,18,46,-4
Dream,He Loves U Not,4/7/01,3,19,26,17,2,1/20/01,15,23,8,40,-17
The Pussycat Dolls Featuring Timbaland,Wait A Minute,3/3/07,23,37,17,39,-2,9/8/01,32,37,20,44,-7
The Pussycat Dolls Featuring will.i.am,Beep,6/17/06,12,36,19,37,-1,5/2/09,7,34,29,41,-7
Az Yet Featuring Peter Cetera,Hard To Say I m Sorry,8/9/97,13,15,26,17,-2,6/28/97,31,39,20,45,-6
Bon Jovi,Real Life,4/17/99,40,0,1,40,Hot Shot Debut,10/17/15,23,50,5,48,2
Nicki Minaj,Your Love,9/18/10,22,31,8,37,-6,6/18/11,23,24,15,38,-14
Danity Kane,Show Stopper,1/27/07,12,34,18,34,0,11/18/06,33,39,11,43,-4
TLC,No Scrubs,8/28/99,1,27,26,28,-1,9/25/99,1,50,32,46,4
John Legend,All Of Me,8/2/14,1,14,24,15,-1,9/13/14,14,5,52,5,0
Natalie Featuring Baby Bash,Energy,7/23/05,36,38,5,37,1,9/19/15,21,20,26,24,-4
Will Smith Featuring Dru Hill,Wild Wild West,9/11/99,4,31,17,37,-6,8/28/99,3,22,20,40,-18
Los Lonely Boys,Heaven,10/9/04,36,31,22,36,-5,7/27/13,46,0,1,46,New
G-Eazy Featuring Marc E. Bassy,Some Kind Of Drug,3/4/17,39,0,3,39,Re-Entry,3/18/17,36,43,8,47,-4